estudiante,asignatura,semestre,nomsemestre,promedio
14160183,TALLER DE ETICA,1,EJ2014,96
14160183,FUNDAMENTOS DE INVESTIGACION,1,EJ2014,91
14160183,CALCULO DIFERENCIAL,1,EJ2014,93
14160183,FUNDAMENTOS DE PROGRAMACION,1,EJ2014,80
14160183,MATEMATICAS DISCRETAS,1,EJ2014,87
14160183,TALLER DE ADMINISTRACION,1,EJ2014,81
14160183,CALCULO INTEGRAL,2,AD2014,70
14160183,ALGEBRA LINEAL,2,AD2014,80
14160183,QUIMICA,2,AD2014,70
14160183,CONTABILIDAD FINANCIERA,2,AD2014,71
14160183,PROG. ORIENTADA A OBJETOS,2,AD2014,0
14160183,PROBABILIDAD Y ESTADISTICA,2,AD2014,0
14160183,DESARROLLO SUSTENTABLE,3,EJ2015,89
14160183,CALCULO VECTORIAL,3,EJ2015,80
14160183,SISTEMAS OPERATIVOS,3,EJ2015,85
14160183,PROG. ORIENTADA A OBJETOS,3,EJ2015,0
14160183,PROBABILIDAD Y ESTADISTICA,3,EJ2015,80
14160183,PROG. ORIENTADA A OBJETOS,3,V2015,84
14160183,ECUACIONES DIFERENCIALES,4,AD2015,70
14160183,CULTURA EMPRESARIAL,4,AD2015,89
14160183,INVESTIGACION DE OPERACIONES,4,AD2015,0
14160183,ESTRUCTURA DE DATOS,4,AD2015,0
14160183,FISICA GENERAL,4,AD2015,83
14160183,FUNDAM. DE BASES DE DATOS,5,EJ2016,0
14160183,METODOS NUMERICOS,5,EJ2016,81
14160183,ESTRUCTURA DE DATOS,5,EJ2016,79
14160183,PRINC. ELECT. Y APLIC. DIGIT.,5,EJ2016,84
14160183,ESTRUCTURA DE DATOS,5,V2016,70
14160183,TALLER DE SISTEMAS OPERATIVOS,6,AD2016,86
14160183,FUND. DE ING. DE SOFTWARE,6,AD2016,98
14160183,INVESTIGACION DE OPERACIONES,6,AD2016,81
14160183,TOPICOS AVANZ. DE PROG.,6,AD2016,83
14160183,FUNDAM. DE TELECOMUNICACIONES,7,EJ2017,75
14160183,FUNDAM. DE BASES DE DATOS,7,EJ2017,87
14160183,ARQUITECTURA DE COMPUTADORAS,7,EJ2017,80
14160183,INGENIERIA DE SOFTWARE,7,EJ2017,0
14160183,LENGUAJES Y AUTOMATAS I,7,EJ2017,87
14160183,SIMULACION,7,EJ2017,83
14160183,LENGUAJE DE INTERFAZ,7,V2017,89
14160183,TALLER DE BASES DE DATOS,8,AD2017,87
14160183,PROGR. LOGICA Y FUNCIONAL,8,AD2017,0
14160183,INGENIERIA DE SOFTWARE,8,AD2017,90
14160183,LENGUAJES Y AUTOMATAS II,8,AD2017,70
14160183,REDES DE COMPUTADORA,8,AD2017,85
14160183,TALLER DE INVESTIGACION I,9,EJ2018,90
14160183,GEST. EMP. BAS. EN TIC,9,EJ2018,80
14160183,GRAFICACION,9,EJ2018,100
14160183,PROGR. LOGICA Y FUNCIONAL,9,EJ2018,0
14160183,CONMUT. Y ENRUT. DE REDES D,9,EJ2018,0
14160183,GESTION DE PROY. DE SOFTWARE,9,EJ2018,74
14160183,TALLER DE INVESTIGACION II,10,AD2018,82
14160183,PROGRAMACION WEB,10,AD2018,80
14160183,PROGR. LOGICA Y FUNCIONAL,10,AD2018,70
14160183,CONMUT. Y ENRUT. DE REDES D,10,AD2018,76
14160183,DES. DE SOFTW. ORIENT. A SERV.,11,EJ2019,81
14160183,DIS. E IMP. DE SOFT. ORI. A LA,11,EJ2019,0
14160183,ADMINISTRACION DE REDES,11,EJ2019,73
14160183,ADMON. DE BASES DE DATOS,11,EJ2019,90
14160183,INTELIGENCIA ARTIFICIAL,11,EJ2019,0
14160183,SISTEMAS PROGRAMABLES,11,EJ2019,81
14160183,SERVICIO SOCIAL,11,EJ2019,90
14160183,DIS. E IMP. DE SOFT. ORI. A LA,11,V2019,75
14160192,TALLER DE ETICA,1,EJ2014,96
14160192,FUNDAMENTOS DE INVESTIGACION,1,EJ2014,0
14160192,CALCULO DIFERENCIAL,1,EJ2014,90
14160192,FUNDAMENTOS DE PROGRAMACION,1,EJ2014,86
14160192,MATEMATICAS DISCRETAS,1,EJ2014,80
14160192,TALLER DE ADMINISTRACION,1,EJ2014,90
14160192,FUNDAMENTOS DE INVESTIGACION,2,AD2014,75
14160192,CALCULO INTEGRAL,2,AD2014,0
14160192,ALGEBRA LINEAL,2,AD2014,80
14160192,CONTABILIDAD FINANCIERA,2,AD2014,70
14160192,PROG. ORIENTADA A OBJETOS,2,AD2014,0
14160192,PROBABILIDAD Y ESTADISTICA,2,AD2014,0
14160192,QUIMICA,3,EJ2015,0
14160192,PROG. ORIENTADA A OBJETOS,3,EJ2015,70
14160192,PROBABILIDAD Y ESTADISTICA,3,EJ2015,90
14160192,CALCULO INTEGRAL,3,EJ2015,70
14160192,CALCULO VECTORIAL,4,AD2015,0
14160192,SISTEMAS OPERATIVOS,4,AD2015,84
14160192,CULTURA EMPRESARIAL,4,AD2015,78
14160192,INVESTIGACION DE OPERACIONES,4,AD2015,97
14160192,ESTRUCTURA DE DATOS,4,AD2015,0
14160192,FISICA GENERAL,4,AD2015,82
14160192,QUIMICA,5,EJ2016,95
14160192,FUNDAM. DE BASES DE DATOS,5,EJ2016,0
14160192,ESTRUCTURA DE DATOS,5,EJ2016,81
14160192,CALCULO VECTORIAL,5,V2015,79
14160192,DESARROLLO SUSTENTABLE,6,AD2016,84
14160192,ECUACIONES DIFERENCIALES,6,AD2016,0
14160192,TALLER DE SISTEMAS OPERATIVOS,6,AD2016,85
14160192,FUND. DE ING. DE SOFTWARE,6,AD2016,83
14160192,PRINC. ELECT. Y APLIC. DIGIT.,6,AD2016,88
14160192,ECUACIONES DIFERENCIALES,7,EJ2017,80
14160192,FUNDAM. DE TELECOMUNICACIONES,7,EJ2017,82
14160192,FUNDAM. DE BASES DE DATOS,7,EJ2017,87
14160192,METODOS NUMERICOS,7,EJ2017,91
14160192,TOPICOS AVANZ. DE PROG.,7,EJ2017,0
14160192,TALLER DE INVESTIGACION I,8,AD2017,85
14160192,TALLER DE BASES DE DATOS,8,AD2017,84
14160192,INGENIERIA DE SOFTWARE,8,AD2017,90
14160192,LENGUAJES Y AUTOMATAS I,8,AD2017,79
14160192,SIMULACION,8,AD2017,82
14160192,TOPICOS AVANZ. DE PROG.,8,AD2017,91
14160192,TALLER DE INVESTIGACION II,9,EJ2018,89
14160192,GEST. EMP. BAS. EN TIC,9,EJ2018,82
14160192,ARQUITECTURA DE COMPUTADORAS,9,EJ2018,80
14160192,REDES DE COMPUTADORA,9,EJ2018,80
14160192,GESTION DE PROY. DE SOFTWARE,9,EJ2018,74
14160192,PROGRAMACION WEB,9,EJ2018,85
14160192,DES. DE SOFTW. ORIENT. A SERV.,10,AD2018,85
14160192,GRAFICACION,10,AD2018,100
14160192,LENGUAJE DE INTERFAZ,10,AD2018,88
14160192,PROGR. LOGICA Y FUNCIONAL,10,AD2018,70
14160192,CONMUT. Y ENRUT. DE REDES D,10,AD2018,0
14160192,SERVICIO SOCIAL,10,AD2018,100
14160192,DIS. E IMP. DE SOFT. ORI. A LA,11,EJ2019,75
14160192,TEC. EMERG.,11,EJ2019,77
14160192,ADMON. DE BASES DE DATOS,11,EJ2019,90
14160192,SISTEMAS PROGRAMABLES,11,EJ2019,84
14160192,CONMUT. Y ENRUT. DE REDES D,11,EJ2019,70
14160192,ADMINISTRACION DE REDES,11,V2019,75
14160192,LENGUAJES Y AUTOMATAS II,11,V2019,82
14161186,TALLER DE ETICA,1,AD2014,85
14161186,FUNDAMENTOS DE INVESTIGACION,1,AD2014,78
14161186,CALCULO DIFERENCIAL,1,AD2014,73
14161186,FUNDAMENTOS DE PROGRAMACION,1,AD2014,0
14161186,MATEMATICAS DISCRETAS,1,AD2014,85
14161186,TALLER DE ADMINISTRACION,1,AD2014,91
14161186,CALCULO INTEGRAL,2,EJ2015,0
14161186,ALGEBRA LINEAL,2,EJ2015,70
14161186,QUIMICA,2,EJ2015,84
14161186,CONTABILIDAD FINANCIERA,2,EJ2015,70
14161186,FUNDAMENTOS DE PROGRAMACION,2,EJ2015,86
14161186,PROBABILIDAD Y ESTADISTICA,2,EJ2015,0
14161186,CALCULO INTEGRAL,3,AD2015,79
14161186,SISTEMAS OPERATIVOS,3,AD2015,83
14161186,CULTURA EMPRESARIAL,3,AD2015,75
14161186,PROG. ORIENTADA A OBJETOS,3,AD2015,0
14161186,PROBABILIDAD Y ESTADISTICA,3,AD2015,0
14161186,DESARROLLO SUSTENTABLE,4,EJ2016,75
14161186,FUNDAM. DE BASES DE DATOS,4,EJ2016,0
14161186,TALLER DE SISTEMAS OPERATIVOS,4,EJ2016,0
14161186,PROBABILIDAD Y ESTADISTICA,4,EJ2016,70
14161186,FISICA GENERAL,4,V2016,71
14161186,CALCULO VECTORIAL,5,AD2016,0
14161186,FUNDAM. DE BASES DE DATOS,5,AD2016,99
14161186,TALLER DE SISTEMAS OPERATIVOS,5,AD2016,84
14161186,PROG. ORIENTADA A OBJETOS,5,AD2016,0
14161186,FUND. DE ING. DE SOFTWARE,7,V2017,82
14161186,ECUACIONES DIFERENCIALES,7,AD2017,70
14161186,FUNDAM. DE TELECOMUNICACIONES,7,AD2017,77
14161186,TALLER DE BASES DE DATOS,7,AD2017,88
14161186,INVESTIGACION DE OPERACIONES,7,AD2017,80
14161186,ARQUITECTURA DE COMPUTADORAS,7,AD2017,0
14161186,LENGUAJES Y AUTOMATAS I,7,AD2017,81
14161186,METODOS NUMERICOS,8,EJ2018,73
14161186,PROGR. LOGICA Y FUNCIONAL,8,EJ2018,0
14161186,ARQUITECTURA DE COMPUTADORAS,8,EJ2018,78
14161186,ESTRUCTURA DE DATOS,8,EJ2018,75
14161186,INGENIERIA DE SOFTWARE,8,EJ2018,80
14161186,REDES DE COMPUTADORA,8,EJ2018,84
14161186,SIMULACION,8,V2018,76
14161186,TOPICOS AVANZ. DE PROG.,8,V2018,81
14161186,PROGRAMACION WEB,9,AD2018,81
14161186,GEST. EMP. BAS. EN TIC,9,AD2018,82
14161186,GRAFICACION,9,AD2018,96
14161186,LENGUAJE DE INTERFAZ,9,AD2018,83
14161186,PROGR. LOGICA Y FUNCIONAL,9,AD2018,70
14161186,GESTION DE PROY. DE SOFTWARE,9,AD2018,76
14161186,TALLER DE INVESTIGACION I,10,EJ2019,74
14161186,DES. DE SOFTW. ORIENT. A SERV.,10,EJ2019,83
14161186,ADMON. DE BASES DE DATOS,10,EJ2019,95
14161186,SISTEMAS PROGRAMABLES,10,EJ2019,87
14161186,CONMUT. Y ENRUT. DE REDES D,10,EJ2019,80
14161186,DIS. E IMP. DE SOFT. ORI. A LA,10,V2019,70
14161186,LENGUAJES Y AUTOMATAS II,10,V2019,70
14161189,TALLER DE ETICA,1,AD2014,78
14161189,FUNDAMENTOS DE INVESTIGACION,1,AD2014,86
14161189,CALCULO DIFERENCIAL,1,AD2014,70
14161189,FUNDAMENTOS DE PROGRAMACION,1,AD2014,90
14161189,MATEMATICAS DISCRETAS,1,AD2014,70
14161189,TALLER DE ADMINISTRACION,1,AD2014,77
14161189,CALCULO INTEGRAL,2,EJ2015,0
14161189,ALGEBRA LINEAL,2,EJ2015,83
14161189,QUIMICA,2,EJ2015,83
14161189,CONTABILIDAD FINANCIERA,2,EJ2015,88
14161189,PROG. ORIENTADA A OBJETOS,2,EJ2015,0
14161189,PROBABILIDAD Y ESTADISTICA,2,EJ2015,0
14161189,CALCULO INTEGRAL,3,AD2015,80
14161189,SISTEMAS OPERATIVOS,3,AD2015,88
14161189,PROG. ORIENTADA A OBJETOS,3,AD2015,0
14161189,PROBABILIDAD Y ESTADISTICA,3,AD2015,70
14161189,CALCULO VECTORIAL,4,EJ2016,96
14161189,CULTURA EMPRESARIAL,4,EJ2016,87
14161189,INVESTIGACION DE OPERACIONES,4,EJ2016,75
14161189,PROG. ORIENTADA A OBJETOS,4,EJ2016,78
14161189,ECUACIONES DIFERENCIALES,5,AD2016,0
14161189,FUNDAM. DE BASES DE DATOS,5,AD2016,73
14161189,TALLER DE SISTEMAS OPERATIVOS,5,AD2016,90
14161189,METODOS NUMERICOS,5,AD2016,75
14161189,ESTRUCTURA DE DATOS,5,AD2016,0
14161189,FISICA GENERAL,5,AD2016,72
14161189,DESARROLLO SUSTENTABLE,6,EJ2017,85
14161189,ECUACIONES DIFERENCIALES,6,EJ2017,70
14161189,TALLER DE BASES DE DATOS,6,EJ2017,80
14161189,ESTRUCTURA DE DATOS,6,EJ2017,80
14161189,PRINC. ELECT. Y APLIC. DIGIT.,6,EJ2017,89
14161189,FUNDAM. DE TELECOMUNICACIONES,7,AD2017,0
14161189,FUND. DE ING. DE SOFTWARE,7,AD2017,85
14161189,ARQUITECTURA DE COMPUTADORAS,7,AD2017,0
14161189,LENGUAJES Y AUTOMATAS I,7,AD2017,77
14161189,SIMULACION,7,AD2017,0
14161189,TOPICOS AVANZ. DE PROG.,7,AD2017,0
14161189,ADMON. DE BASES DE DATOS,8,EJ2018,88
14161189,PROGR. LOGICA Y FUNCIONAL,8,EJ2018,0
14161189,INGENIERIA DE SOFTWARE,8,EJ2018,0
14161189,SIMULACION,8,EJ2018,71
14161189,TOPICOS AVANZ. DE PROG.,8,EJ2018,84
14161189,GRAFICACION,9,AD2018,78
14161189,PROGR. LOGICA Y FUNCIONAL,9,AD2018,70
14161189,ARQUITECTURA DE COMPUTADORAS,9,AD2018,97
14161189,INGENIERIA DE SOFTWARE,9,AD2018,85
14161189,TALLER DE INVESTIGACION I,10,EJ2019,77
14161189,PROGRAMACION WEB,10,EJ2019,74
14161189,FUNDAM. DE TELECOMUNICACIONES,10,EJ2019,77
14161189,GEST. EMP. BAS. EN TIC,10,EJ2019,77
14161189,LENGUAJE DE INTERFAZ,10,EJ2019,0
14161189,GESTION DE PROY. DE SOFTWARE,10,EJ2019,85
14161189,LENGUAJE DE INTERFAZ,10,V2019,91
14161210,TALLER DE ETICA,1,AD2014,70
14161210,FUNDAMENTOS DE INVESTIGACION,1,AD2014,76
14161210,CALCULO DIFERENCIAL,1,AD2014,70
14161210,FUNDAMENTOS DE PROGRAMACION,1,AD2014,82
14161210,MATEMATICAS DISCRETAS,1,AD2014,73
14161210,TALLER DE ADMINISTRACION,1,AD2014,0
14161210,CALCULO INTEGRAL,2,EJ2015,0
14161210,ALGEBRA LINEAL,2,EJ2015,76
14161210,QUIMICA,2,EJ2015,89
14161210,PROG. ORIENTADA A OBJETOS,2,EJ2015,0
14161210,PROBABILIDAD Y ESTADISTICA,2,EJ2015,70
14161210,CALCULO INTEGRAL,3,AD2015,70
14161210,SISTEMAS OPERATIVOS,3,AD2015,86
14161210,PROG. ORIENTADA A OBJETOS,3,AD2015,0
14161210,TALLER DE ADMINISTRACION,3,AD2015,84
14161210,FUNDAM. DE BASES DE DATOS,4,EJ2016,0
14161210,CONTABILIDAD FINANCIERA,4,EJ2016,0
14161210,INVESTIGACION DE OPERACIONES,4,EJ2016,80
14161210,PROG. ORIENTADA A OBJETOS,4,EJ2016,71
14161210,ESTRUCTURA DE DATOS,4,V2016,0
14161210,FISICA GENERAL,4,V2016,0
14161210,CONTABILIDAD FINANCIERA,5,AD2016,80
14161210,ESTRUCTURA DE DATOS,5,AD2016,0
14161210,FISICA GENERAL,5,AD2016,74
14161210,CALCULO VECTORIAL,6,EJ2017,70
14161210,FUNDAM. DE BASES DE DATOS,6,EJ2017,0
14161210,TALLER DE SISTEMAS OPERATIVOS,6,EJ2017,90
14161210,ESTRUCTURA DE DATOS,6,EJ2017,73
14161210,TALLER DE INVESTIGACION I,7,AD2017,79
14161210,FUNDAM. DE BASES DE DATOS,7,AD2017,71
14161210,FUND. DE ING. DE SOFTWARE,7,AD2017,77
14161210,PRINC. ELECT. Y APLIC. DIGIT.,7,AD2017,80
14161210,TALLER DE INVESTIGACION II,8,EJ2018,72
14161210,DESARROLLO SUSTENTABLE,8,EJ2018,85
14161210,FUNDAM. DE TELECOMUNICACIONES,8,EJ2018,78
14161210,TALLER DE BASES DE DATOS,8,EJ2018,80
14161210,CULTURA EMPRESARIAL,8,EJ2018,80
14161210,ARQUITECTURA DE COMPUTADORAS,8,EJ2018,75
14161210,LENGUAJES Y AUTOMATAS I,8,EJ2018,0
14161210,METODOS NUMERICOS,8,V2018,87
14161210,TOPICOS AVANZ. DE PROG.,8,V2018,80
14161210,ECUACIONES DIFERENCIALES,9,AD2018,73
14161210,ADMON. DE BASES DE DATOS,9,AD2018,75
14161210,LENGUAJE DE INTERFAZ,9,AD2018,78
14161210,INGENIERIA DE SOFTWARE,9,AD2018,76
14161210,REDES DE COMPUTADORA,9,AD2018,88
14161210,PROGRAMACION WEB,10,EJ2019,88
14161210,PROGR. LOGICA Y FUNCIONAL,10,EJ2019,85
14161210,CONMUT. Y ENRUT. DE REDES D,10,EJ2019,90
14161210,LENGUAJES Y AUTOMATAS I,10,EJ2019,96
14161210,SIMULACION,10,EJ2019,76
14161210,GESTION DE PROY. DE SOFTWARE,10,EJ2019,85
14161210,DIS. E IMP. DE SOFT. ORI. A LA,10,V2019,75
14161210,LENGUAJES Y AUTOMATAS II,10,V2019,73
14161242,TALLER DE ETICA,1,AD2014,85
14161242,FUNDAMENTOS DE INVESTIGACION,1,AD2014,78
14161242,CALCULO DIFERENCIAL,1,AD2014,0
14161242,FUNDAMENTOS DE PROGRAMACION,1,AD2014,0
14161242,MATEMATICAS DISCRETAS,1,AD2014,70
14161242,TALLER DE ADMINISTRACION,1,AD2014,93
14161242,CALCULO DIFERENCIAL,2,EJ2015,0
14161242,ALGEBRA LINEAL,2,EJ2015,75
14161242,QUIMICA,2,EJ2015,77
14161242,CONTABILIDAD FINANCIERA,2,EJ2015,0
14161242,FUNDAMENTOS DE PROGRAMACION,2,EJ2015,70
14161242,CALCULO DIFERENCIAL,3,AD2015,76
14161242,CONTABILIDAD FINANCIERA,3,AD2015,100
14161242,PROG. ORIENTADA A OBJETOS,3,AD2015,0
14161242,PROBABILIDAD Y ESTADISTICA,3,AD2015,0
14161242,DESARROLLO SUSTENTABLE,4,EJ2016,0
14161242,CALCULO INTEGRAL,4,EJ2016,0
14161242,FUNDAM. DE BASES DE DATOS,4,EJ2016,0
14161242,CULTURA EMPRESARIAL,4,EJ2016,81
14161242,PROBABILIDAD Y ESTADISTICA,4,EJ2016,70
14161242,PROG. ORIENTADA A OBJETOS,4,V2016,0
14161242,DESARROLLO SUSTENTABLE,5,AD2016,85
14161242,CALCULO INTEGRAL,5,AD2016,74
14161242,FUNDAM. DE BASES DE DATOS,5,AD2016,97
14161242,PROG. ORIENTADA A OBJETOS,5,AD2016,70
14161242,CALCULO VECTORIAL,6,EJ2017,70
14161242,FUNDAM. DE TELECOMUNICACIONES,6,EJ2017,80
14161242,SISTEMAS OPERATIVOS,6,EJ2017,80
14161242,TALLER DE BASES DE DATOS,6,EJ2017,0
14161242,INVESTIGACION DE OPERACIONES,6,EJ2017,76
14161242,ESTRUCTURA DE DATOS,6,EJ2017,0
14161242,FISICA GENERAL,6,V2017,0
14161242,TALLER DE BASES DE DATOS,7,AD2017,89
14161242,FUND. DE ING. DE SOFTWARE,7,AD2017,87
14161242,REDES DE COMPUTADORA,7,AD2017,0
14161242,FISICA GENERAL,7,AD2017,73
14161242,TALLER DE SISTEMAS OPERATIVOS,8,EJ2018,0
14161242,ESTRUCTURA DE DATOS,8,EJ2018,80
14161242,INGENIERIA DE SOFTWARE,8,EJ2018,0
14161242,PRINC. ELECT. Y APLIC. DIGIT.,8,EJ2018,90
14161242,REDES DE COMPUTADORA,8,EJ2018,77
14161242,TALLER DE SISTEMAS OPERATIVOS,8,V2018,88
14161242,METODOS NUMERICOS,8,V2018,87
14161242,TALLER DE INVESTIGACION I,9,AD2018,0
14161242,ECUACIONES DIFERENCIALES,9,AD2018,70
14161242,ADMON. DE BASES DE DATOS,9,AD2018,82
14161242,ARQUITECTURA DE COMPUTADORAS,9,AD2018,97
14161242,INGENIERIA DE SOFTWARE,9,AD2018,76
14161242,TOPICOS AVANZ. DE PROG.,9,AD2018,80
14161242,TALLER DE INVESTIGACION I,10,EJ2019,75
14161242,PROGRAMACION WEB,10,EJ2019,80
14161242,GEST. EMP. BAS. EN TIC,10,EJ2019,79
14161242,LENGUAJE DE INTERFAZ,10,EJ2019,0
14161242,LENGUAJES Y AUTOMATAS I,10,EJ2019,96
14161242,SIMULACION,10,EJ2019,84
14161242,PROGR. LOGICA Y FUNCIONAL,10,V2019,86
14161242,LENGUAJE DE INTERFAZ,10,V2019,84
15161321,TALLER DE ETICA,1,AD2015,79
15161321,FUNDAMENTOS DE INVESTIGACION,1,AD2015,79
15161321,CALCULO DIFERENCIAL,1,AD2015,77
15161321,FUNDAMENTOS DE PROGRAMACION,1,AD2015,77
15161321,MATEMATICAS DISCRETAS,1,AD2015,70
15161321,TALLER DE ADMINISTRACION,1,AD2015,89
15161321,CALCULO INTEGRAL,2,EJ2016,74
15161321,ALGEBRA LINEAL,2,EJ2016,70
15161321,QUIMICA,2,EJ2016,85
15161321,CONTABILIDAD FINANCIERA,2,EJ2016,70
15161321,PROG. ORIENTADA A OBJETOS,2,EJ2016,0
15161321,PROBABILIDAD Y ESTADISTICA,2,EJ2016,77
15161321,CALCULO VECTORIAL,3,AD2016,0
15161321,SISTEMAS OPERATIVOS,3,AD2016,70
15161321,CULTURA EMPRESARIAL,3,AD2016,82
15161321,INVESTIGACION DE OPERACIONES,3,AD2016,0
15161321,PROG. ORIENTADA A OBJETOS,3,AD2016,0
15161321,FISICA GENERAL,3,AD2016,70
15161321,CALCULO VECTORIAL,4,EJ2017,81
15161321,INVESTIGACION DE OPERACIONES,4,EJ2017,77
15161321,PRINC. ELECT. Y APLIC. DIGIT.,4,EJ2017,86
15161321,PROG. ORIENTADA A OBJETOS,4,EJ2017,86
15161321,DESARROLLO SUSTENTABLE,5,AD2017,86
15161321,ECUACIONES DIFERENCIALES,5,AD2017,75
15161321,FUNDAM. DE BASES DE DATOS,5,AD2017,78
15161321,TALLER DE SISTEMAS OPERATIVOS,5,AD2017,86
15161321,METODOS NUMERICOS,5,AD2017,73
15161321,ESTRUCTURA DE DATOS,5,AD2017,80
15161321,FUNDAM. DE TELECOMUNICACIONES,6,EJ2018,82
15161321,TALLER DE BASES DE DATOS,6,EJ2018,77
15161321,ARQUITECTURA DE COMPUTADORAS,6,EJ2018,72
15161321,LENGUAJES Y AUTOMATAS I,6,EJ2018,93
15161321,SIMULACION,6,EJ2018,0
15161321,TOPICOS AVANZ. DE PROG.,6,EJ2018,80
15161321,GEST. EMP. BAS. EN TIC,7,AD2018,84
15161321,FUND. DE ING. DE SOFTWARE,7,AD2018,78
15161321,LENGUAJE DE INTERFAZ,7,AD2018,78
15161321,PROGR. LOGICA Y FUNCIONAL,7,AD2018,70
15161321,REDES DE COMPUTADORA,7,AD2018,81
15161321,TALLER DE INVESTIGACION I,8,EJ2019,75
15161321,ADMON. DE BASES DE DATOS,8,EJ2019,90
15161321,SISTEMAS PROGRAMABLES,8,EJ2019,82
15161321,CONMUT. Y ENRUT. DE REDES D,8,EJ2019,70
15161321,INGENIERIA DE SOFTWARE,8,EJ2019,81
15161321,SIMULACION,8,EJ2019,76
15161321,PROGRAMACION WEB,8,V2019,86
15161321,LENGUAJES Y AUTOMATAS II,8,V2019,74
15161330,TALLER DE ETICA,1,AD2015,84
15161330,FUNDAMENTOS DE INVESTIGACION,1,AD2015,78
15161330,CALCULO DIFERENCIAL,1,AD2015,80
15161330,FUNDAMENTOS DE PROGRAMACION,1,AD2015,88
15161330,MATEMATICAS DISCRETAS,1,AD2015,70
15161330,TALLER DE ADMINISTRACION,1,AD2015,88
15161330,CALCULO INTEGRAL,2,EJ2016,70
15161330,ALGEBRA LINEAL,2,EJ2016,77
15161330,QUIMICA,2,EJ2016,80
15161330,CONTABILIDAD FINANCIERA,2,EJ2016,80
15161330,PROG. ORIENTADA A OBJETOS,2,EJ2016,0
15161330,PROBABILIDAD Y ESTADISTICA,2,EJ2016,70
15161330,CALCULO VECTORIAL,3,AD2016,0
15161330,SISTEMAS OPERATIVOS,3,AD2016,80
15161330,CULTURA EMPRESARIAL,3,AD2016,81
15161330,INVESTIGACION DE OPERACIONES,3,AD2016,85
15161330,PROG. ORIENTADA A OBJETOS,3,AD2016,78
15161330,FISICA GENERAL,3,AD2016,70
15161330,DESARROLLO SUSTENTABLE,4,EJ2017,77
15161330,CALCULO VECTORIAL,4,EJ2017,92
15161330,FUNDAM. DE BASES DE DATOS,4,EJ2017,77
15161330,TALLER DE SISTEMAS OPERATIVOS,4,EJ2017,85
15161330,ESTRUCTURA DE DATOS,4,EJ2017,0
15161330,PRINC. ELECT. Y APLIC. DIGIT.,4,EJ2017,70
15161330,ECUACIONES DIFERENCIALES,5,AD2017,0
15161330,FUNDAM. DE TELECOMUNICACIONES,5,AD2017,71
15161330,TALLER DE BASES DE DATOS,5,AD2017,78
15161330,FUND. DE ING. DE SOFTWARE,5,AD2017,79
15161330,ARQUITECTURA DE COMPUTADORAS,5,AD2017,0
15161330,ECUACIONES DIFERENCIALES,6,EJ2018,0
15161330,METODOS NUMERICOS,6,EJ2018,85
15161330,ESTRUCTURA DE DATOS,6,EJ2018,80
15161330,INGENIERIA DE SOFTWARE,6,EJ2018,80
15161330,REDES DE COMPUTADORA,6,EJ2018,0
15161330,ECUACIONES DIFERENCIALES,6,V2018,76
15161330,ADMON. DE BASES DE DATOS,7,AD2018,81
15161330,REDES DE COMPUTADORA,7,AD2018,89
15161330,ARQUITECTURA DE COMPUTADORAS,7,AD2018,89
15161330,PROGRAMACION WEB,7,AD2018,76
15161330,TOPICOS AVANZ. DE PROG.,7,AD2018,84
15161330,CONMUT. Y ENRUT. DE REDES D,8,EJ2019,80
15161330,LENGUAJE DE INTERFAZ,8,EJ2019,77
15161330,TALLER DE INVESTIGACION I,8,EJ2019,0
15161330,GEST. EMP. BAS. EN TIC,8,EJ2019,87
15161330,PROGR. LOGICA Y FUNCIONAL,8,EJ2019,78
15161330,LENGUAJES Y AUTOMATAS I,8,EJ2019,100
15161330,SIMULACION,8,EJ2019,80
15161330,DES. DE SOFTW. ORIENT. A SERV.,8,V2019,92
15161330,LENGUAJES Y AUTOMATAS II,8,V2019,76
15161339,TALLER DE ETICA,1,AD2015,87
15161339,FUNDAMENTOS DE INVESTIGACION,1,AD2015,76
15161339,CALCULO DIFERENCIAL,1,AD2015,83
15161339,FUNDAMENTOS DE PROGRAMACION,1,AD2015,79
15161339,MATEMATICAS DISCRETAS,1,AD2015,70
15161339,TALLER DE ADMINISTRACION,1,AD2015,83
15161339,CALCULO INTEGRAL,2,EJ2016,88
15161339,ALGEBRA LINEAL,2,EJ2016,93
15161339,QUIMICA,2,EJ2016,83
15161339,CONTABILIDAD FINANCIERA,2,EJ2016,80
15161339,PROG. ORIENTADA A OBJETOS,2,EJ2016,70
15161339,PROBABILIDAD Y ESTADISTICA,2,EJ2016,93
15161339,CALCULO VECTORIAL,3,AD2016,89
15161339,SISTEMAS OPERATIVOS,3,AD2016,80
15161339,CULTURA EMPRESARIAL,3,AD2016,94
15161339,INVESTIGACION DE OPERACIONES,3,AD2016,94
15161339,ESTRUCTURA DE DATOS,3,AD2016,86
15161339,FISICA GENERAL,3,AD2016,84
15161339,ECUACIONES DIFERENCIALES,4,EJ2017,70
15161339,FUNDAM. DE BASES DE DATOS,4,EJ2017,85
15161339,TALLER DE SISTEMAS OPERATIVOS,4,EJ2017,83
15161339,METODOS NUMERICOS,4,EJ2017,78
15161339,PRINC. ELECT. Y APLIC. DIGIT.,4,EJ2017,83
15161339,TOPICOS AVANZ. DE PROG.,4,EJ2017,79
15161339,DESARROLLO SUSTENTABLE,5,AD2017,90
15161339,FUNDAM. DE TELECOMUNICACIONES,5,AD2017,82
15161339,TALLER DE BASES DE DATOS,5,AD2017,84
15161339,FUND. DE ING. DE SOFTWARE,5,AD2017,88
15161339,ARQUITECTURA DE COMPUTADORAS,5,AD2017,88
15161339,SIMULACION,5,AD2017,73
15161339,GEST. EMP. BAS. EN TIC,6,EJ2018,86
15161339,ADMON. DE BASES DE DATOS,6,EJ2018,88
15161339,GRAFICACION,6,EJ2018,98
15161339,LENGUAJES Y AUTOMATAS I,6,EJ2018,95
15161339,REDES DE COMPUTADORA,6,EJ2018,78
15161339,TALLER DE INVESTIGACION I,7,AD2018,77
15161339,PROGRAMACION WEB,7,AD2018,95
15161339,PROGR. LOGICA Y FUNCIONAL,7,AD2018,70
15161339,LENGUAJE DE INTERFAZ,7,EJ2018,0
15161339,LENGUAJE DE INTERFAZ,8,EJ2019,0
15161339,LENGUAJE DE INTERFAZ,8,V2019,80
15161339,CONMUT. Y ENRUT. DE REDES D,8,EJ2019,80
15161368,TALLER DE ETICA,1,AD2015,88
15161368,FUNDAMENTOS DE INVESTIGACION,1,AD2015,81
15161368,CALCULO DIFERENCIAL,1,AD2015,0
15161368,FUNDAMENTOS DE PROGRAMACION,1,AD2015,88
15161368,MATEMATICAS DISCRETAS,1,AD2015,0
15161368,TALLER DE ADMINISTRACION,1,AD2015,95
15161368,CALCULO DIFERENCIAL,2,EJ2016,0
15161368,QUIMICA,2,EJ2016,93
15161368,CONTABILIDAD FINANCIERA,2,EJ2016,77
15161368,PROG. ORIENTADA A OBJETOS,2,EJ2016,0
15161368,MATEMATICAS DISCRETAS,2,EJ2016,0
15161368,CALCULO DIFERENCIAL,3,AD2016,70
15161368,MATEMATICAS DISCRETAS,3,AD2016,70
15161368,CALCULO INTEGRAL,4,EJ2017,0
15161368,ALGEBRA LINEAL,4,EJ2017,70
15161368,SISTEMAS OPERATIVOS,4,EJ2017,90
15161368,CULTURA EMPRESARIAL,4,EJ2017,83
15161368,PROG. ORIENTADA A OBJETOS,4,EJ2017,89
15161368,PROBABILIDAD Y ESTADISTICA,4,EJ2017,0
15161368,CALCULO INTEGRAL,5,AD2017,75
15161368,FUNDAM. DE BASES DE DATOS,5,AD2017,72
15161368,FISICA GENERAL,5,AD2017,72
15161368,PROBABILIDAD Y ESTADISTICA,5,AD2017,70
15161368,CALCULO VECTORIAL,6,EJ2018,76
15161368,TALLER DE BASES DE DATOS,6,EJ2018,83
15161368,TALLER DE SISTEMAS OPERATIVOS,6,EJ2018,0
15161368,INVESTIGACION DE OPERACIONES,6,EJ2018,73
15161368,ESTRUCTURA DE DATOS,6,EJ2018,78
15161368,TALLER DE SISTEMAS OPERATIVOS,6,V2018,95
15161368,METODOS NUMERICOS,6,V2018,91
15161368,DESARROLLO SUSTENTABLE,7,AD2018,85
15161368,ECUACIONES DIFERENCIALES,7,AD2018,70
15161368,ADMON. DE BASES DE DATOS,7,AD2018,76
15161368,FUND. DE ING. DE SOFTWARE,7,AD2018,89
15161368,ARQUITECTURA DE COMPUTADORAS,7,AD2018,70
15161368,PRINC. ELECT. Y APLIC. DIGIT.,7,AD2018,96
15161368,TOPICOS AVANZ. DE PROG.,7,AD2018,86
15161368,TALLER DE INVESTIGACION I,8,EJ2019,88
15161368,FUNDAM. DE TELECOMUNICACIONES,8,EJ2019,77
15161368,GEST. EMP. BAS. EN TIC,8,EJ2019,87
15161368,LENGUAJE DE INTERFAZ,8,EJ2019,0
15161368,INGENIERIA DE SOFTWARE,8,EJ2019,86
15161368,LENGUAJES Y AUTOMATAS I,8,EJ2019,96
15161368,SIMULACION,8,EJ2019,100
15161368,LENGUAJE DE INTERFAZ,8,V2019,85
15161368,PROGR. LOGICA Y FUNCIONAL,8,V2019,85
15161375,TALLER DE ETICA,1,AD2015,94
15161375,FUNDAMENTOS DE INVESTIGACION,1,AD2015,79
15161375,CALCULO DIFERENCIAL,1,AD2015,89
15161375,FUNDAMENTOS DE PROGRAMACION,1,AD2015,90
15161375,MATEMATICAS DISCRETAS,1,AD2015,80
15161375,TALLER DE ADMINISTRACION,1,AD2015,95
15161375,CALCULO INTEGRAL,2,EJ2016,75
15161375,ALGEBRA LINEAL,2,EJ2016,70
15161375,QUIMICA,2,EJ2016,82
15161375,CONTABILIDAD FINANCIERA,2,EJ2016,70
15161375,PROG. ORIENTADA A OBJETOS,2,EJ2016,0
15161375,PROBABILIDAD Y ESTADISTICA,2,EJ2016,78
15161375,CALCULO VECTORIAL,3,AD2016,0
15161375,SISTEMAS OPERATIVOS,3,AD2016,80
15161375,FUNDAM. DE BASES DE DATOS,3,AD2016,0
15161375,INVESTIGACION DE OPERACIONES,3,AD2016,80
15161375,PROG. ORIENTADA A OBJETOS,3,AD2016,84
15161375,FISICA GENERAL,3,AD2016,75
15161375,DESARROLLO SUSTENTABLE,4,EJ2017,81
15161375,CALCULO VECTORIAL,4,EJ2017,79
15161375,FUNDAM. DE BASES DE DATOS,4,EJ2017,70
15161375,TALLER DE SISTEMAS OPERATIVOS ,4,EJ2017,85
15161375,PRINC. ELECT. Y APLIC. DIGIT.,4,EJ2017,70
15161375,ECUACIONES DIFERENCIALES,5,AD2017,0
15161375,TALLER DE BASES DE DATOS,5,AD2017,81
15161375,CULTURA EMPRESARIAL,5,AD2017,78
15161375,FUND. DE ING. DE SOFTWARE,5,AD2017,80
15161375,METODOS NUMERICOS,5,AD2017,78
15161375,ARQUITECTURA DE COMPUTADORAS,5,AD2017,78
15161375,ESTRUCTURA DE DATOS,5,AD2017,87
15161375,ECUACIONES DIFERENCIALES,6,EJ2018,0
15161375,FUNDAM. DE TELECOMUNICACIONES,6,EJ2018,74
15161375,LENGUAJE DE INTERFAZ ,6,EJ2018,100
15161375,INGENIERIA DE SOFTWARE,6,EJ2018,76
15161375,SIMULACION ,6,EJ2018,0
15161375,TOPICOS AVANZ. DE PROG.,6,EJ2018,77
15161375,PROGRAMACION WEB,7,AD2018,76
15161375,GESTION DE PROY. DE SOFTWARE,7,AD2018,83
15161375,ADMON. DE BASES DE DATOS,7,AD2018,79
15161375,PROGR. LOGICA Y FUNCIONAL,7,AD2018,70
15161375,REDES DE COMPUTADORA,7,AD2018,86
15161375,TALLER DE INVESTIGACION I,8,EJ2019,0
15161375,SISTEMAS PROGRAMABLES ,8,EJ2019,81
15161375,CONMUT. Y ENRUT. DE REDES D,8,EJ2019,90
15161375,LENGUAJES Y AUTOMATAS I,8,EJ2019,100
15161375,SIMULACION ,8,EJ2019,91
15161375,GESTION DE PROY. DE SOFTWARE,8,EJ2019,90
15161392,TALLER DE ETICA,1,AD2015,79
15161392,FUNDAMENTOS DE INVESTIGACION,1,AD2015,70
15161392,CALCULO DIFERENCIAL,1,AD2015,84
15161392,FUNDAMENTOS DE PROGRAMACION,1,AD2015,86
15161392,MATEMATICAS DISCRETAS,1,AD2015,70
15161392,TALLER DE ADMINISTRACION,1,AD2015,79
15161392,CALCULO INTEGRAL,2,EJ2016,0
15161392,ALGEBRA LINEAL,2,EJ2016,72
15161392,QUIMICA,2,EJ2016,70
15161392,CONTABILIDAD FINANCIERA,2,EJ2016,80
15161392,PROG. ORIENTADA A OBJETOS,2,EJ2016,82
15161392,PROBABILIDAD Y ESTADISTICA,2,EJ2016,72
15161392,CALCULO INTEGRAL,3,AD2016,75
15161392,SISTEMAS OPERATIVOS,3,AD2016,80
15161392,FUNDAM. DE BASES DE DATOS,3,AD2016,78
15161392,CULTURA EMPRESARIAL,3,AD2016,77
15161392,INVESTIGACION DE OPERACIONES,3,AD2016,85
15161392,FISICA GENERAL,3,AD2016,75
15161392,DESARROLLO SUSTENTABLE,4,EJ2017,76
15161392,CALCULO VECTORIAL,4,EJ2017,85
15161392,TALLER DE SISTEMAS OPERATIVOS,4,EJ2017,84
15161392,ESTRUCTURA DE DATOS,4,EJ2017,0
15161392,PRINC. ELECT. Y APLIC. DIGIT.,4,EJ2017,70
15161392,ECUACIONES DIFERENCIALES,5,AD2017,0
15161392,FUNDAM. DE TELECOMUNICACIONES,5,AD2017,75
15161392,TALLER DE BASES DE DATOS,5,AD2017,79
15161392,FUND. DE ING. DE SOFTWARE,5,AD2017,80
15161392,LENGUAJES Y AUTOMATAS I,5,AD2017,73
15161392,ECUACIONES DIFERENCIALES,6,EJ2018,78
15161392,METODOS NUMERICOS,6,EJ2018,95
15161392,ESTRUCTURA DE DATOS,6,EJ2018,85
15161392,INGENIERIA DE SOFTWARE,6,EJ2018,82
15161392,REDES DE COMPUTADORA,6,EJ2018,83
15161392,SIMULACION,6,V2018,80
15161392,TOPICOS AVANZ. DE PROG.,6,V2018,80
15161392,TALLER DE INVESTIGACION I,7,AD2018,85
15161392,PROGRAMACION WEB,7,AD2018,76
15161392,GEST. EMP. BAS. EN TIC,7,AD2018,88
15161392,GRAFICACION,7,AD2018,96
15161392,ARQUITECTURA DE COMPUTADORAS,7,AD2018,70
15161392,CONMUT. Y ENRUT. DE REDES D,7,AD2018,0
15161392,TALLER DE INVESTIGACION II,8,EJ2019,88
15161392,ADMON. DE BASES DE DATOS,8,EJ2019,95
15161392,LENGUAJE DE INTERFAZ,8,EJ2019,77
15161392,PROGR. LOGICA Y FUNCIONAL,8,EJ2019,90
15161392,CONMUT. Y ENRUT. DE REDES D,8,EJ2019,90
15161392,GESTION DE PROY. DE SOFTWARE,8,EJ2019,90
15161392,DES. DE SOFTW. ORIENT. A SERV.,8,V2019,92
15161392,LENGUAJES Y AUTOMATAS II,8,V2019,76
15161407,TALLER DE ETICA,1,AD2015,87
15161407,FUNDAMENTOS DE INVESTIGACION,1,AD2015,76
15161407,CALCULO DIFERENCIAL,1,AD2015,83
15161407,FUNDAMENTOS DE PROGRAMACION,1,AD2015,79
15161407,MATEMATICAS DISCRETAS,1,AD2015,80
15161407,TALLER DE ADMINISTRACION,1,AD2015,83
15161407,CALCULO INTEGRAL,2,EJ2016,88
15161407,ALGEBRA LINEAL,2,EJ2016,93
15161407,QUIMICA,2,EJ2016,83
15161407,CONTABILIDAD FINANCIERA,2,EJ2016,80
15161407,PROG. ORIENTADA A OBJETOS,2,EJ2016,90
15161407,PROBABILIDAD Y ESTADISTICA,2,EJ2016,98
15161407,CALCULO VECTORIAL,3,AD2016,89
15161407,SISTEMAS OPERATIVOS,3,AD2016,80
15161407,CULTURA EMPRESARIAL,3,AD2016,94
15161407,INVESTIGACION DE OPERACIONES,3,AD2016,94
15161407,ESTRUCTURA DE DATOS,3,AD2016,86
15161407,FISICA GENERAL,3,AD2016,84
15161407,ECUACIONES DIFERENCIALES,4,EJ2017,90
15161407,FUNDAM. DE BASES DE DATOS,4,EJ2017,90
15161407,TALLER DE SISTEMAS OPERATIVOS,4,EJ2017,83
15161407,METODOS NUMERICOS,4,EJ2017,94
15161407,PRINC. ELECT. Y APLIC. DIGIT.,4,EJ2017,83
15161407,TOPICOS AVANZ. DE PROG.,4,EJ2017,79
15161407,DESARROLLO SUSTENTABLE,5,AD2017,87
15161407,FUNDAM. DE TELECOMUNICACIONES,5,AD2017,82
15161407,TALLER DE BASES DE DATOS,5,AD2017,84
15161407,FUND. DE ING. DE SOFTWARE,5,AD2017,88
15161407,ARQUITECTURA DE COMPUTADORAS,5,AD2017,88
15161407,SIMULACION,5,AD2017,73
15161407,GEST. EMP. BAS. EN TIC,6,EJ2018,86
15161407,ADMON. DE BASES DE DATOS,6,EJ2018,88
15161407,GRAFICACION,6,EJ2018,100
15161407,LENGUAJE DE INTERFAZ,6,EJ2018,100
15161407,INGENIERIA DE SOFTWARE,6,EJ2018,88
15161407,LENGUAJES Y AUTOMATAS I,6,EJ2018,95
15161407,REDES DE COMPUTADORA,6,EJ2018,78
15161407,TALLER DE INVESTIGACION I,7,AD2018,77
15161407,PROGRAMACION WEB,7,AD2018,95
15161407,PROGR. LOGICA Y FUNCIONAL,7,AD2018,70
15161407,CONMUT. Y ENRUT. DE REDES D,7,AD2018,0
15161407,LENGUAJES Y AUTOMATAS II,7,AD2018,82
15161407,GESTION DE PROY. DE SOFTWARE,7,AD2018,81
15161407,DES. DE SOFTW. ORIENT. A SERV.,8,EJ2019,85
15161407,DIS. E IMP. DE SOFT. ORI. A LA ,8,EJ2019,76
15161407,INTELIGENCIA ARTIFICIAL,8,EJ2019,0
15161407,SISTEMAS PROGRAMABLES,8,EJ2019,81
15161407,CONMUT. Y ENRUT. DE REDES D,8,EJ2019,80
15161407,INTELIGENCIA ARTIFICIAL,8,V2019,100
15161424,TALLER DE ETICA,1,EJ2015,96
15161424,FUNDAMENTOS DE INVESTIGACION,1,EJ2015,80
15161424,CALCULO DIFERENCIAL,1,EJ2015,90
15161424,FUNDAMENTOS DE PROGRAMACION,1,EJ2015,86
15161424,  MATEMATICAS DISCRETAS,1,EJ2015,80
15161424,TALLER DE ADMINISTRACION,1,EJ2015,90
15161424,FUNDAMENTOS DE INVESTIGACION,2,AD2015,75
15161424,CALCULO INTEGRAL,2,AD2015,85
15161424,ALGEBRA LINEAL,2,AD2015,80
15161424,CONTABILIDAD FINANCIERA,2,AD2015,70
15161424,PROG. ORIENTADA A OBJETOS,2,AD2015,84
15161424,PROBABILIDAD Y ESTADISTICA,2,AD2015,75
15161424,QUIMICA,3,EJ2016,90
15161424,PROG. ORIENTADA A OBJETOS,3,EJ2016,70
15161424,PROBABILIDAD Y ESTADISTICA,3,EJ2016,90
15161424,CALCULO INTEGRAL,3,EJ2016,70
15161424,CALCULO VECTORIAL,4,AD2016,0
15161424,SISTEMAS OPERATIVOS,4,AD2016,84
15161424,CULTURA EMPRESARIAL,4,AD2016,78
15161424,INVESTIGACION DE OPERACIONES,4,AD2016,97
15161424,ESTRUCTURA DE DATOS,4,AD2016,0
15161424,FISICA GENERAL,4,AD2016,82
15161424,QUIMICA,5,EJ2017,95
15161424,FUNDAM. DE BASES DE DATOS,5,EJ2017,0
15161424,ESTRUCTURA DE DATOS,5,EJ2017,81
15161424,CALCULO VECTORIAL,5,EJ2017,79
15161424,DESARROLLO SUSTENTABLE,6,AD2017,84
15161424,ECUACIONES DIFERENCIALES,6,AD2017,0
15161424,TALLER DE SISTEMAS OPERATIVOS,6,AD2017,85
15161424,FUND. DE ING. DE SOFTWARE,6,AD2017,83
15161424,PRINC. ELECT. Y APLIC. DIGIT.,6,AD2017,88
15161424,ECUACIONES DIFERENCIALES,7,EJ2018,80
15161424,FUNDAM. DE TELECOMUNICACIONES,7,EJ2018,82
15161424,FUNDAM. DE BASES DE DATOS,7,EJ2018,87
15161424,METODOS NUMERICOS,7,EJ2018,91
15161424,TOPICOS AVANZ. DE PROG.,7,EJ2018,0
15161424,TALLER DE INVESTIGACION I,8,AD2018,85
15161424,TALLER DE BASES DE DATOS,8,AD2018,84
15161424,INGENIERIA DE SOFTWARE,8,AD2018,90
15161424,LENGUAJES Y AUTOMATAS I,8,AD2018,79
15161424,SIMULACION,8,AD2018,82
15161424,TOPICOS AVANZ. DE PROG.,8,AD2018,91
15161424,TALLER DE INVESTIGACION II,9,EJ2019,89
15161424,GEST. EMP. BAS. EN TIC,9,EJ2019,82
15161424,ARQUITECTURA DE COMPUTADORAS,9,EJ2019,80
15161424,REDES DE COMPUTADORA,9,EJ2019,80
15161424,DES. DE SOFTW. ORIENT. A SERV.,9,EJ2019,74
15161424,PROGRAMACION WEB,9,EJ2019,85
16161258,TALLER DE ETICA,1,AD2016,86
16161258,FUNDAMENTOS DE INVESTIGACION,1,AD2016,95
16161258,CALCULO DIFERENCIAL,1,AD2016,0
16161258,FUNDAMENTOS DE PROGRAMACION,1,AD2016,77
16161258,MATEMATICAS DISCRETAS,1,AD2016,0
16161258,TALLER DE ADMINISTRACION,1,AD2016,96
16161258,CALCULO DIFERENCIAL,2,EJ2017,95
16161258,ALGEBRA LINEAL,2,EJ2017,70
16161258,CONTABILIDAD FINANCIERA,2,EJ2017,94
16161258,PROG. ORIENTADA A OBJETOS,2,EJ2017,99
16161258,MATEMATICAS DISCRETAS,2,EJ2017,100
16161258,CALCULO INTEGRAL,3,AD2017,78
16161258,SISTEMAS OPERATIVOS,3,AD2017,81
16161258,CULTURA EMPRESARIAL,3,AD2017,94
16161258,ESTRUCTURA DE DATOS,3,AD2017,80
16161258,FISICA GENERAL,3,AD2017,74
16161258,PROBABILIDAD Y ESTADISTICA,3,AD2017,0
16161258,CALCULO VECTORIAL,4,EJ2018,90
16161258,QUIMICA,4,EJ2018,0
16161258,FUNDAM. DE BASES DE DATOS,4,EJ2018,81
16161258,TALLER DE SISTEMAS OPERATIVOS,4,EJ2018,0
16161258,TOPICOS AVANZ. DE PROG.,4,EJ2018,87
16161258,PROBABILIDAD Y ESTADISTICA,4,EJ2018,85
16161258,TALLER DE SISTEMAS OPERATIVOS,4,EJ2018,95
16161258,DESARROLLO SUSTENTABLE,5,AD2018,87
16161258,ECUACIONES DIFERENCIALES,5,AD2018,0
16161258,QUIMICA,5,AD2018,80
16161258,TALLER DE BASES DE DATOS,5,AD2018,81
16161258,METODOS NUMERICOS,5,AD2018,90
16161258,ARQUITECTURA DE COMPUTADORAS,5,AD2018,90
16161258,ECUACIONES DIFERENCIALES,6,EJ2019,0
16161258,GEST. EMP. BAS. EN TIC,6,EJ2019,88
16161258,ADMON. DE BASES DE DATOS,6,EJ2019,95
16161258,INVESTIGACION DE OPERACIONES,6,EJ2019,87
16161258,LENGUAJES Y AUTOMATAS I,6,EJ2019,100
16161258,PRINC. ELECT. Y APLIC. DIGIT.,6,EJ2019,81
16161258,ECUACIONES DIFERENCIALES,6,EJ2019,70
16161274,TALLER DE ETICA,1,AD2016,90
16161274,FUNDAMENTOS DE INVESTIGACION,1,AD2016,96
16161274,CALCULO DIFERENCIAL,1,AD2016,0
16161274,FUNDAMENTOS DE PROGRAMACION,1,AD2016,100
16161274,MATEMATICAS DISCRETAS,1,AD2016,80
16161274,TALLER DE ADMINISTRACION,1,AD2016,92
16161274,CALCULO DIFERENCIAL,2,EJ2017,71
16161274,ALGEBRA LINEAL,2,EJ2017,87
16161274,QUIMICA,2,EJ2017,85
16161274,CONTABILIDAD FINANCIERA,2,EJ2017,80
16161274,PROG. ORIENTADA A OBJETOS,2,EJ2017,100
16161274,PROBABILIDAD Y ESTADISTICA,2,EJ2017,98
16161274,CALCULO INTEGRAL,3,AD2017,85
16161274,SISTEMAS OPERATIVOS,3,AD2017,83
16161274,FUNDAM. DE BASES DE DATOS,3,AD2017,89
16161274,CULTURA EMPRESARIAL,3,AD2017,86
16161274,ESTRUCTURA DE DATOS,4,AD2017,83
16161274,FISICA GENERAL,4,AD2017,70
16161274,DESARROLLO SUSTENTABLE,4,EJ2018,91
16161274,CALCULO VECTORIAL,4,EJ2018,80
16161274,TALLER DE SISTEMAS OPERATIVOS,4,EJ2018,85
16161274,INVESTIGACION DE OPERACIONES,4,EJ2018,90
16161274,PRINC. ELECT. Y APLIC. DIGIT.,4,EJ2018,81
16161274,TOPICOS AVANZ. DE PROG.,5,EJ2018,90
16161274,ECUACIONES DIFERENCIALES,5,AD2018,80
16161274,FUNDAM. DE TELECOMUNICACIONES,5,AD2018,75
16161274,TALLER DE BASES DE DATOS,5,AD2018,92
16161274,FUND. DE ING. DE SOFTWARE,5,AD2018,91
16161274,METODOS NUMERICOS,6,AD2018,94
16161274,ARQUITECTURA DE COMPUTADORAS,6,AD2018,80
16161274,GEST. EMP. BAS. EN TIC,6,EJ2019,88
16161274,ADMON. DE BASES DE DATOS,6,EJ2019,90
16161274,LENGUAJE DE INTERFAZ,6,EJ2019,0
16161274,INGENIERIA DE SOFTWARE,6,EJ2019,80
16161274,LENGUAJES Y AUTOMATAS I,6,EJ2019,92
16161274,REDES DE COMPUTADORA,6,EJ2019,84
16161274,SIMULACION,6,EJ2019,87
16161274,PROGRAMACION WEB,6,V2019,100
16161306,TALLER DE ETICA,1,AD2016,94
16161306,FUNDAMENTOS DE INVESTIGACION,1,AD2016,95
16161306,CALCULO DIFERENCIAL,1,AD2016,82
16161306,FUNDAMENTOS DE PROGRAMACION,1,AD2016,91
16161306,MATEMATICAS DISCRETAS,1,AD2016,80
16161306,TALLER DE ADMINISTRACION,1,AD2016,91
16161306,CALCULO INTEGRAL,2,EJ2017,100
16161306,ALGEBRA LINEAL,2,EJ2017,85
16161306,QUIMICA,2,EJ2017,93
16161306,CONTABILIDAD FINANCIERA,2,EJ2017,90
16161306,PROG. ORIENTADA A OBJETOS,2,EJ2017,90
16161306,PROBABILIDAD Y ESTADISTICA,2,EJ2017,95
16161306,CALCULO VECTORIAL,3,AD2017,94
16161306,SISTEMAS OPERATIVOS,3,AD2017,90
16161306,CULTURA EMPRESARIAL,3,AD2017,94
16161306,INVESTIGACION DE OPERACIONES,3,AD2017,93
16161306,ESTRUCTURA DE DATOS,3,AD2017,88
16161306,FISICA GENERAL,3,AD2017,87
16161306,ECUACIONES DIFERENCIALES,4,EJ2018,94
16161306,FUNDAM. DE BASES DE DATOS,4,EJ2018,81
16161306,TALLER DE SISTEMAS OPERATIVOS,4,EJ2018,85
16161306,METODOS NUMERICOS,4,EJ2018,90
16161306,PRINC. ELECT. Y APLIC. DIGIT.,4,EJ2018,85
16161306,TOPICOS AVANZ. DE PROG.,4,EJ2018,89
16161306,DESARROLLO SUSTENTABLE,5,AD2018,94
16161306,FUNDAM. DE TELECOMUNICACIONES,5,AD2018,76
16161306,TALLER DE BASES DE DATOS,5,AD2018,87
16161306,FUND. DE ING. DE SOFTWARE,5,AD2018,89
16161306,ARQUITECTURA DE COMPUTADORAS,5,AD2018,70
16161306,GEST. EMP. BAS. EN TIC,6,EJ2019,90
16161306,ADMON. DE BASES DE DATOS,6,EJ2019,90
16161306,LENGUAJE DE INTERFAZ,6,EJ2019,80
16161306,INGENIERIA DE SOFTWARE,6,EJ2019,84
16161306,LENGUAJES Y AUTOMATAS I,6,EJ2019,100
16161306,REDES DE COMPUTADORA,6,EJ2019,84
16161306,SIMULACION,6,EJ2019,87
16161322,TALLER DE ETICA,1,AD2016,94
16161322,FUNDAMENTOS DE INVESTIGACION,1,AD2016,80
16161322,CALCULO DIFERENCIAL,1,AD2016,75
16161322,FUNDAMENTOS DE PROGRAMACION,1,AD2016,99
16161322,MATEMATICAS DISCRETAS,1,AD2016,86
16161322,TALLER DE ADMINISTRACION,1,AD2016,80
16161322,CALCULO INTEGRAL,2,EJ2017,85
16161322,ALGEBRA LINEAL,2,EJ2017,70
16161322,QUIMICA,2,EJ2017,90
16161322,CONTABILIDAD FINANCIERA,2,EJ2017,80
16161322,PROG. ORIENTADA A OBJETOS,2,EJ2017,0
16161322,PROBABILIDAD Y ESTADISTICA,2,EJ2017,93
16161322,DESARROLLO SUSTENTABLE,3,AD2017,88
16161322,CALCULO VECTORIAL,3,AD2017,79
16161322,SISTEMAS OPERATIVOS,3,AD2017,0
16161322,CULTURA EMPRESARIAL,3,AD2017,74
16161322,PROG. ORIENTADA A OBJETOS,3,AD2017,76
16161322,FISICA GENERAL,3,AD2017,79
16161322,ECUACIONES DIFERENCIALES,4,EJ2018,0
16161322,SISTEMAS OPERATIVOS,4,EJ2018,80
16161322,FUNDAM. DE BASES DE DATOS,4,EJ2018,76
16161322,INVESTIGACION DE OPERACIONES,4,EJ2018,86
16161322,METODOS NUMERICOS,4,EJ2018,84
16161322,ESTRUCTURA DE DATOS,4,EJ2018,86
16161322,ECUACIONES DIFERENCIALES,5,AD2018,70
16161322,TALLER DE BASES DE DATOS,5,AD2018,80
16161322,TALLER DE SISTEMAS OPERATIVOS,5,AD2018,77
16161322,ARQUITECTURA DE COMPUTADORAS,5,AD2018,93
16161322,PRINC. ELECT. Y APLIC. DIGIT.,5,AD2018,95
16161322,TOPICOS AVANZ. DE PROG.,5,AD2018,0
16161322,FUNDAM. DE TELECOMUNICACIONES,6,EJ2019,77
16161322,GEST. EMP. BAS. EN TIC,6,EJ2019,87
16161322,ADMON. DE BASES DE DATOS,6,EJ2019,95
16161322,LENGUAJES Y AUTOMATAS I,6,EJ2019,100
16161322,SIMULACION,6,EJ2019,82
16161322,TOPICOS AVANZ. DE PROG.,6,EJ2019,0
16161322,TOPICOS AVANZ. DE PROG.,6,V2019,77
16161358,TALLER DE ETICA,1,AD2016,100
16161358,FUNDAMENTOS DE INVESTIGACION,1,AD2016,100
16161358,CALCULO DIFERENCIAL,1,AD2016,74
16161358,FUNDAMENTOS DE PROGRAMACION,1,AD2016,95
16161358,MATEMATICAS DISCRETAS,1,AD2016,82
16161358,TALLER DE ADMINISTRACION,1,AD2016,95
16161358,CALCULO INTEGRAL,2,EJ2017,78
16161358,ALGEBRA LINEAL,2,EJ2017,70
16161358,QUIMICA,2,EJ2017,84
16161358,CONTABILIDAD FINANCIERA,2,EJ2017,80
16161358,PROG. ORIENTADA A OBJETOS,2,EJ2017,87
16161358,PROBABILIDAD Y ESTADISTICA,2,EJ2017,70
16161358,CALCULO VECTORIAL,3,AD2017,73
16161358,SISTEMAS OPERATIVOS,3,AD2017,81
16161358,CULTURA EMPRESARIAL,3,AD2017,96
16161358,INVESTIGACION DE OPERACIONES,3,AD2017,85
16161358,ESTRUCTURA DE DATOS,3,AD2017,70
16161358,FISICA GENERAL,3,AD2017,70
16161358,ECUACIONES DIFERENCIALES,4,EJ2018,70
16161358,FUNDAM. DE BASES DE DATOS,4,EJ2018,83
16161358,TALLER DE SISTEMAS OPERATIVOS,4,EJ2018,87
16161358,METODOS NUMERICOS,4,EJ2018,85
16161358,PRINC. ELECT. Y APLIC. DIGIT.,4,EJ2018,95
16161358,TOPICOS AVANZ. DE PROG.,5,EJ2018,83
16161358,DESARROLLO SUSTENTABLE,5,AD2018,96
16161358,FUNDAM. DE TELECOMUNICACIONES,5,AD2018,79
16161358,TALLER DE BASES DE DATOS,5,AD2018,96
16161358,FUND. DE ING. DE SOFTWARE,5,AD2018,87
16161358,GEST. EMP. BAS. EN TIC,6,EJ2019,90
16161358,ADMON. DE BASES DE DATOS,6,EJ2019,90
16161358,TALLER DE INVESTIGACION I,6,EJ2019,83
16161358,LENGUAJES Y AUTOMATAS I,6,EJ2019,85
16161358,SIMULACION,6,EJ2019,95
16161373,TALLER DE ETICA,1,AD2016,95
16161373,FUNDAMENTOS DE INVESTIGACION,1,AD2016,100
16161373,CALCULO DIFERENCIAL,1,AD2016,90
16161373,FUNDAMENTOS DE PROGRAMACION,1,AD2016,100
16161373,MATEMATICAS DISCRETAS,1,AD2016,100
16161373,TALLER DE ADMINISTRACION,1,AD2016,80
16161373,CALCULO INTEGRAL,2,EJ2017,93
16161373,ALGEBRA LINEAL,2,EJ2017,75
16161373,QUIMICA,2,EJ2017,99
16161373,CONTABILIDAD FINANCIERA,2,EJ2017,98
16161373,PROG. ORIENTADA A OBJETOS,2,EJ2017,100
16161373,PROBABILIDAD Y ESTADISTICA,2,EJ2017,100
16161373,CALCULO VECTORIAL,3,AD2017,100
16161373,SISTEMAS OPERATIVOS,3,AD2017,85
16161373,CULTURA EMPRESARIAL,3,AD2017,89
16161373,INVESTIGACION DE OPERACIONES,3,AD2017,94
16161373,ESTRUCTURA DE DATOS,3,AD2017,78
16161373,FISICA GENERAL,3,AD2017,94
16161373,ECUACIONES DIFERENCIALES,4,EJ2018,100
16161373,FUNDAM. DE BASES DE DATOS,4,EJ2018,82
16161373,TALLER DE SISTEMAS OPERATIVOS,4,EJ2018,87
16161373,METODOS NUMERICOS,4,EJ2018,91
16161373,PRINC. ELECT. Y APLIC. DIGIT.,4,EJ2018,89
16161373,TOPICOS AVANZ. DE PROG.,4,EJ2018,94
16161373,DESARROLLO SUSTENTABLE,5,AD2018,100
16161373,FUNDAM. DE TELECOMUNICACIONES,5,AD2018,79
16161373,TALLER DE BASES DE DATOS,5,AD2018,96
16161373,FUND. DE ING. DE SOFTWARE,5,AD2018,87
16161373,ARQUITECTURA DE COMPUTADORAS,5,AD2018,80
16161373,GEST. EMP. BAS. EN TIC,6,EJ2019,94
16161373,ADMON. DE BASES DE DATOS,6,EJ2019,90
16161373,LENGUAJE DE INTERFAZ,6,EJ2019,80
16161373,INGENIERIA DE SOFTWARE,6,EJ2019,83
16161373,LENGUAJES Y AUTOMATAS I,6,EJ2019,100
16161373,REDES DE COMPUTADORA,6,EJ2019,87
16161373,SIMULACION,6,EJ2019,89
16161423,TALLER DE ETICA,1,AD2016,95
16161423,FUNDAMENTOS DE INVESTIGACION,1,AD2016,100
16161423,CALCULO DIFERENCIAL,1,AD2016,100
16161423,FUNDAMENTOS DE PROGRAMACION,1,AD2016,70
16161423,MATEMATICAS DISCRETAS,1,AD2016,100
16161423,TALLER DE ADMINISTRACION,1,AD2016,90
16161423,CALCULO INTEGRAL,2,EJ2017,100
16161423,ALGEBRA LINEAL,2,EJ2017,79
16161423,QUIMICA,2,EJ2017,90
16161423,CONTABILIDAD FINANCIERA,2,EJ2017,80
16161423,PROG. ORIENTADA A OBJETOS,2,EJ2017,100
16161423,PROBABILIDAD Y ESTADISTICA,2,EJ2017,100
16161423,CALCULO VECTORIAL,2,AD2017,100
16161423,SISTEMAS OPERATIVOS,3,AD2017,85
16161423,CULTURA EMPRESARIAL,3,AD2017,91
16161423,INVESTIGACION DE OPERACIONES,3,AD2017,85
16161423,ESTRUCTURA DE DATOS,3,AD2017,85
16161423,FISICA GENERAL,3,AD2017,96
16161423,ECUACIONES DIFERENCIALES,3,EJ2018,100
16161423,FUNDAM. DE BASES DE DATOS,4,EJ2018,82
16161423,TALLER DE SISTEMAS OPERATIVOS,4,EJ2018,85
16161423,METODOS NUMERICOS,4,EJ2018,90
16161423,PRINC. ELECT. Y APLIC. DIGIT.,4,EJ2018,93
16161423,TOPICOS AVANZ. DE PROG.,4,EJ2018,94
16161423,DESARROLLO SUSTENTABLE,4,AD2018,100
16161423,FUNDAM. DE TELECOMUNICACIONES,4,AD2018,81
16161423,TALLER DE BASES DE DATOS,5,AD2018,92
16161423,FUND. DE ING. DE SOFTWARE,5,AD2018,88
16161423,ARQUITECTURA DE COMPUTADORAS,5,AD2018,80
16161423,GEST. EMP. BAS. EN TIC,5,EJ2019,95
16161423,ADMON. DE BASES DE DATOS,5,EJ2019,90
16161423,LENGUAJE DE INTERFAZ,6,EJ2019,0
16161423,INGENIERIA DE SOFTWARE,6,EJ2019,79
16161423,LENGUAJES Y AUTOMATAS I,6,EJ2019,100
16161423,REDES DE COMPUTADORA,6,EJ2019,87
16161423,SIMULACION,6,EJ2019,88
16161423,LENGUAJE DE INTERFAZ,6,V2019,96
16161453,TALLER DE ETICA,1,AD2016,81
16161453,FUNDAMENTOS DE INVESTIGACION,1,AD2016,83
16161453,CALCULO DIFERENCIAL,1,AD2016,88
16161453,FUNDAMENTOS DE PROGRAMACION,1,AD2016,93
16161453,MATEMATICAS DISCRETAS,1,AD2016,90
16161453,TALLER DE ADMINISTRACION,1,AD2016,88
16161453,CALCULO INTEGRAL,2,EJ2017,0
16161453,ALGEBRA LINEAL,2,EJ2017,100
16161453,QUIMICA,2,EJ2017,85
16161453,CONTABILIDAD FINANCIERA,2,EJ2017,95
16161453,PROG. ORIENTADA A OBJETOS,2,EJ2017,100
16161453,PROBABILIDAD Y ESTADISTICA,2,EJ2017,100
16161453,DESARROLLO SUSTENTABLE,3,AD2017,84
16161453,CALCULO INTEGRAL,3,AD2017,78
16161453,SISTEMAS OPERATIVOS,3,AD2017,84
16161453,CULTURA EMPRESARIAL,3,AD2017,83
16161453,ESTRUCTURA DE DATOS,3,AD2017,86
16161453,FISICA GENERAL,3,AD2017,78
16161453,CALCULO VECTORIAL,4,EJ2018,88
16161453,FUNDAM. DE BASES DE DATOS,4,EJ2018,81
16161453,TALLER DE SISTEMAS OPERATIVOS,4,EJ2018,90
16161453,INVESTIGACION DE OPERACIONES,4,EJ2018,85
16161453,PRINC. ELECT. Y APLIC. DIGIT.,4,EJ2018,86
16161453,TOPICOS AVANZ. DE PROG.,4,EJ2018,92
16161453,ECUACIONES DIFERENCIALES,5,AD2018,85
16161453,FUNDAM. DE TELECOMUNICACIONES,5,AD2018,77
16161453,TALLER DE BASES DE DATOS,5,AD2018,90
16161453,FUND. DE ING. DE SOFTWARE,5,AD2018,90
16161453,METODOS NUMERICOS,5,AD2018,86
16161453,ARQUITECTURA DE COMPUTADORAS,5,AD2018,86
16161453,GEST. EMP. BAS. EN TIC,6,EJ2019,81
16161453,ADMON. DE BASES DE DATOS,6,EJ2019,90
16161453,LENGUAJE DE INTERFAZ,6,EJ2019,80
16161453,INGENIERIA DE SOFTWARE,6,EJ2019,85
16161453,LENGUAJES Y AUTOMATAS I,6,EJ2019,100
16161453,REDES DE COMPUTADORA,6,EJ2019,80
15161419,TALLER DE ETICA,1,AD2015,95
15161419,FUNDAMENTOS DE INVESTIGACION,1,AD2015,88
15161419,CALCULO DIFERENCIAL,1,AD2015,80
15161419,FUNDAMENTOS DE PROGRAMACION,1,AD2015,87
15161419,MATEMATICAS DISCRETAS,1,AD2015,78
15161419,TALLER DE ADMINISTRACION,1,AD2015,90
15161419,CALCULO INTEGRAL,2,EJ2016,78
15161419,ALGEBRA LINEAL,2,EJ2016,70
15161419,QUIMICA,2,EJ2016,90
15161419,CONTABILIDAD FINANCIERA,2,EJ2016,85
15161419,PROG. ORIENTADA A OBJETOS,2,EJ2016,81
15161419,PROBABILIDAD Y ESTADISTICA,2,EJ2016,80
15161419,CALCULO VECTORIAL,3,AD2016,79
15161419,SISTEMAS OPERATIVOS,3,AD2016,80
15161419,CULTURA EMPRESARIAL,3,AD2016,91
15161419,INVESTIGACION DE OPERACIONES,3,AD2016,70
15161419,ESTRUCTURA DE DATOS,3,AD2016,0
15161419,FISICA GENERAL,3,AD2016,89
15161419,ECUACIONES DIFERENCIALES,4,EJ2017,0
15161419,FUNDAM. DE BASES DE DATOS,4,EJ2017,82
15161419,TALLER DE SISTEMAS OPERATIVOS,4,EJ2017,87
15161419,METODOS NUMERICOS,4,EJ2017,90
15161419,ESTRUCTURA DE DATOS,4,EJ2017,78
15161419,PRINC. ELECT. Y APLIC. DIGIT.,4,EJ2017,70
15161419,ECUACIONES DIFERENCIALES,4,V2017,76
15161419,DESARROLLO SUSTENTABLE,5,AD2017,89
15161419,FUNDAM. DE TELECOMUNICACIONES,5,AD2017,84
15161419,TALLER DE BASES DE DATOS,5,AD2017,86
15161419,FUND. DE ING. DE SOFTWARE,5,AD2017,91
15161419,ARQUITECTURA DE COMPUTADORAS,5,AD2017,75
15161419,SIMULACION,5,AD2017,70
15161419,TOPICOS AVANZ. DE PROG.,5,AD2017,0
15161419,GEST. EMP. BAS. EN TIC,6,EJ2018,92
15161419,ADMON. DE BASES DE DATOS,6,EJ2018,88
15161419,INGENIERIA DE SOFTWARE,6,EJ2018,81
15161419,LENGUAJES Y AUTOMATAS I,6,EJ2018,97
15161419,REDES DE COMPUTADORA,6,EJ2018,80
15161419,TOPICOS AVANZ. DE PROG.,6,EJ2018,77
15161419,TALLER DE INVESTIGACION I,7,AD2018,75
15161419,GRAFICACION,7,AD2018,100
15161419,LENGUAJE DE INTERFAZ,7,AD2018,0
15161419,CONMUT. Y ENRUT. DE REDES D,7,AD2018,0
15161419,TALLER DE INVESTIGACION II,8,EJ2019,78
15161419,PROGRAMACION WEB,8,EJ2019,82
15161419,LENGUAJE DE INTERFAZ,8,EJ2019,70
15161419,GESTION DE PROY. DE SOFTWARE,8,EJ2019,90
15161419,DES. DE SOFTW. ORIENT. A SERV.,8,V2019,82
15161419,LENGUAJES Y AUTOMATAS II,8,V2019,81
15161446,TALLER DE ETICA,1,AD2015,95
15161446,FUNDAMENTOS DE INVESTIGACION,1,AD2015,80
15161446,CALCULO DIFERENCIAL,1,AD2015,85
15161446,FUNDAMENTOS DE PROGRAMACION,1,AD2015,85
15161446,MATEMATICAS DISCRETAS,1,AD2015,0
15161446,TALLER DE ADMINISTRACION,1,AD2015,95
15161446,CALCULO INTEGRAL,2,EJ2016,76
15161446,ALGEBRA LINEAL,2,EJ2016,75
15161446,QUIMICA,2,EJ2016,75
15161446,CONTABILIDAD FINANCIERA,2,EJ2016,80
15161446,PROG. ORIENTADA A OBJETOS,2,EJ2016,0
15161446,MATEMATICAS DISCRETAS,2,EJ2016,74
15161446,CALCULO VECTORIAL,3,AD2016,70
15161446,SISTEMAS OPERATIVOS,3,AD2016,85
15161446,CULTURA EMPRESARIAL,3,AD2016,84
15161446,PROG. ORIENTADA A OBJETOS,3,AD2016,0
15161446,FISICA GENERAL,3,AD2016,92
15161446,PROBABILIDAD Y ESTADISTICA,3,AD2016,95
15161446,TALLER DE SISTEMAS OPERATIVOS,4,EJ2017,93
15161446,INVESTIGACION DE OPERACIONES,4,EJ2017,76
15161446,PRINC. ELECT. Y APLIC. DIGIT.,4,EJ2017,70
15161446,PROG. ORIENTADA A OBJETOS,4,EJ2017,100
15161446,DESARROLLO SUSTENTABLE,5,AD2017,83
15161446,ECUACIONES DIFERENCIALES,5,AD2017,0
15161446,FUNDAM. DE TELECOMUNICACIONES,5,AD2017,78
15161446,FUNDAM. DE BASES DE DATOS,5,AD2017,83
15161446,METODOS NUMERICOS,5,AD2017,0
15161446,ARQUITECTURA DE COMPUTADORAS,5,AD2017,77
15161446,ESTRUCTURA DE DATOS,5,AD2017,82
15161446,ECUACIONES DIFERENCIALES,6,EJ2018,70
15161446,LENGUAJE DE INTERFAZ,6,EJ2018,100
15161446,METODOS NUMERICOS,6,EJ2018,81
15161446,REDES DE COMPUTADORA,6,EJ2018,87
15161446,TOPICOS AVANZ. DE PROG.,6,EJ2018,88
15161446,TALLER DE BASES DE DATOS,6,V2018,97
15161446,SIMULACION,6,V2018,81
15161446,TALLER DE INVESTIGACION I,7,AD2018,90
15161446,GEST. EMP. BAS. EN TIC,7,AD2018,88
15161446,FUND. DE ING. DE SOFTWARE,7,AD2018,85
15161446,GRAFICACION,7,AD2018,100
15161446,PROGR. LOGICA Y FUNCIONAL,7,AD2018,70
15161446,CONMUT. Y ENRUT. DE REDES D,7,AD2018,0
15161446,TALLER DE INVESTIGACION II,8,EJ2019,0
15161446,ADMON. DE BASES DE DATOS,8,EJ2019,90
15161446,SISTEMAS PROGRAMABLES,8,EJ2019,83
15161446,CONMUT. Y ENRUT. DE REDES D,8,EJ2019,80
15161446,INGENIERIA DE SOFTWARE,8,EJ2019,88
15161446,LENGUAJES Y AUTOMATAS I,8,EJ2019,82
15161446,PROGRAMACION WEB,8,V2019,90
15161446,LENGUAJES Y AUTOMATAS II,8,V2019,91
15161368,TALLER DE ETICA,1,AD2015,88
15161368,FUNDAMENTOS DE INVESTIGACION,1,AD2015,81
15161368,CALCULO DIFERENCIAL,1,AD2015,0
15161368,FUNDAMENTOS DE PROGRAMACION,1,AD2015,88
15161368,MATEMATICAS DISCRETAS,1,AD2015,0
15161368,TALLER DE ADMINISTRACION,1,AD2015,95
15161368,CALCULO DIFERENCIAL,2,EJ2016,0
15161368,QUIMICA,2,EJ2016,93
15161368,CONTABILIDAD FINANCIERA,2,EJ2016,77
15161368,PROG. ORIENTADA A OBJETOS,2,EJ2016,0
15161368,MATEMATICAS DISCRETAS,2,EJ2016,0
15161368,CALCULO DIFERENCIAL,3,AD2016,70
15161368,MATEMATICAS DISCRETAS,3,AD2016,70
15161368,CALCULO INTEGRAL,4,EJ2017,0
15161368,ALGEBRA LINEAL,4,EJ2017,70
15161368,SISTEMAS OPERATIVOS,4,EJ2017,90
15161368,CULTURA EMPRESARIAL,4,EJ2017,83
15161368,PROG. ORIENTADA A OBJETOS,4,EJ2017,89
15161368,PROBABILIDAD Y ESTADISTICA,4,EJ2017,0
15161368,CALCULO INTEGRAL,5,AD2017,75
15161368,FUNDAM. DE BASES DE DATOS,5,AD2017,72
15161368,FISICA GENERAL,5,AD2017,72
15161368,PROBABILIDAD Y ESTADISTICA,5,AD2017,70
15161368,CALCULO VECTORIAL,6,EJ2018,76
15161368,TALLER DE BASES DE DATOS,6,EJ2018,83
15161368,TALLER DE SISTEMAS OPERATIVOS,6,EJ2018,0
15161368,INVESTIGACION DE OPERACIONES,6,EJ2018,73
15161368,ESTRUCTURA DE DATOS,6,EJ2018,78
15161368,TALLER DE SISTEMAS OPERATIVOS,6,V2018,95
15161368,METODOS NUMERICOS,6,V2018,91
15161368,DESARROLLO SUSTENTABLE,7,AD2018,85
15161368,ECUACIONES DIFERENCIALES,7,AD2018,70
15161368,ADMON. DE BASES DE DATOS,7,AD2018,76
15161368,FUND. DE ING. DE SOFTWARE,7,AD2018,89
15161368,ARQUITECTURA DE COMPUTADORAS,7,AD2018,70
15161368,PRINC. ELECT. Y APLIC. DIGIT.,7,AD2018,96
15161368,TOPICOS AVANZ. DE PROG.,7,AD2018,86
15161368,TALLER DE INVESTIGACION I,8,EJ2019,88
15161368,FUNDAM. DE TELECOMUNICACIONES,8,EJ2019,77
15161368,GEST. EMP. BAS. EN TIC,8,EJ2019,87
15161368,LENGUAJE DE INTERFAZ,8,EJ2019,0
15161368,INGENIERIA DE SOFTWARE,8,EJ2019,86
15161368,LENGUAJES Y AUTOMATAS I,8,EJ2019,96
15161368,SIMULACION,8,EJ2019,100
15161368,LENGUAJE DE INTERFAZ,8,V2019,85
15161368,PROGR. LOGICA Y FUNCIONAL,8,V2019,85
16161310,TALLER DE ETICA,1,AD2016,81
16161310,FUNDAMENTOS DE INVESTIGACION,1,AD2016,91
16161310,CALCULO DIFERENCIAL,1,AD2016,75
16161310,FUNDAMENTOS DE PROGRAMACION,1,AD2016,100
16161310,MATEMATICAS DISCRETAS,1,AD2016,100
16161310,TALLER DE ADMINISTRACION,1,AD2016,80
16161310,CALCULO INTEGRAL,2,EJ2017,75
16161310,ALGEBRA LINEAL,2,EJ2017,100
16161310,QUIMICA,2,EJ2017,90
16161310,CONTABILIDAD FINANCIERA,2,EJ2017,95
16161310,PROG. ORIENTADA A OBJETOS,2,EJ2017,85
16161310,PROBABILIDAD Y ESTADISTICA,2,EJ2017,74
16161310,DESARROLLO SUSTENTABLE,3,AD2017,79
16161310,CALCULO VECTORIAL,3,AD2017,84
16161310,SISTEMAS OPERATIVOS,3,AD2017,0
16161310,CULTURA EMPRESARIAL,3,AD2017,76
16161310,INVESTIGACION DE OPERACIONES,3,AD2017,75
16161310,ESTRUCTURA DE DATOS,3,AD2017,83
16161310,FISICA GENERAL,3,AD2017,0
16161310,SISTEMAS OPERATIVOS,4,EJ2018,90
16161310,FUNDAM. DE BASES DE DATOS,4,EJ2018,74
16161310,METODOS NUMERICOS,4,EJ2018,87
16161310,TOPICOS AVANZ. DE PROG.,4,EJ2018,88
16161310,FISICA GENERAL,4,EJ2018,80
16161310,ECUACIONES DIFERENCIALES,5,AD2018,75
16161310,TALLER DE BASES DE DATOS,5,AD2018,85
16161310,TALLER DE SISTEMAS OPERATIVOS,5,AD2018,84
16161310,FUND. DE ING. DE SOFTWARE,5,AD2018,87
16161310,ARQUITECTURA DE COMPUTADORAS,5,AD2018,71
16161310,PRINC. ELECT. Y APLIC. DIGIT.,5,AD2018,95
16161310,TALLER DE INVESTIGACION I,6,EJ2019,78
16161310,FUNDAM. DE TELECOMUNICACIONES,6,EJ2019,84
16161310,ADMON. DE BASES DE DATOS,6,EJ2019,90
16161310,LENGUAJE DE INTERFAZ,6,EJ2019,73
16161310,INGENIERIA DE SOFTWARE,6,EJ2019,81
16161310,LENGUAJES Y AUTOMATAS I,6,EJ2019,100
16161310,SIMULACION,6,EJ2019,86
16161310,REDES DE COMPUTADORA,6,V2019,83
16161260,TALLER DE ETICA,1,AD2016,90
16161260,FUNDAMENTOS DE INVESTIGACION,1,AD2016,100
16161260,CALCULO DIFERENCIAL,1,AD2016,70
16161260,FUNDAMENTOS DE PROGRAMACION,1,AD2016,100
16161260,MATEMATICAS DISCRETAS,1,AD2016,80
16161260,TALLER DE ADMINISTRACION,1,AD2016,96
16161260,CALCULO INTEGRAL,2,EJ2017,89
16161260,ALGEBRA LINEAL,2,EJ2017,98
16161260,QUIMICA,2,EJ2017,100
16161260,CONTABILIDAD FINANCIERA,2,EJ2017,90
16161260,PROG. ORIENTADA A OBJETOS,2,EJ2017,99
16161260,PROBABILIDAD Y ESTADISTICA,2,EJ2017,85
16161260,FISICA GENERAL,3,V2017,80
16161260,DESARROLLO SUSTENTABLE,3,AD2017,86
16161260,CALCULO VECTORIAL,3,AD2017,89
16161260,SISTEMAS OPERATIVOS,3,AD2017,86
16161260,FUNDAM. DE BASES DE DATOS,3,AD2017,80
16161260,CULTURA EMPRESARIAL,3,AD2017,90
16161260,ESTRUCTURA DE DATOS,3,AD2017,85
16161260,PRINC. ELECT. Y APLIC. DIGIT.,3,AD2017,90
16161260,ECUACIONES DIFERENCIALES,4,EJ2018,90
16161260,FUNDAM. DE TELECOMUNICACIONES,4,EJ2018,90
16161260,TALLER DE BASES DE DATOS,4,EJ2018,97
16161260,TALLER DE SISTEMAS OPERATIVOS,4,EJ2018,80
16161260,INVESTIGACION DE OPERACIONES,4,EJ2018,100
16161260,METODOS NUMERICOS,4,EJ2018,92
16161260,ARQUITECTURA DE COMPUTADORAS,4,EJ2018,85
16161260,TOPICOS AVANZ. DE PROG.,5,V2018,86
16161260,GEST. EMP. BAS. EN TIC,5,AD2018,88
16161260,FUND. DE ING. DE SOFTWARE,5,AD2018,90
16161260,LENGUAJE DE INTERFAZ,5,AD2018,79
16161260,PROGR. LOGICA Y FUNCIONAL,5,AD2018,70
16161260,REDES DE COMPUTADORA,5,AD2018,87
16161260,TALLER DE INVESTIGACION I,6,EJ2019,84
16161260,ADMON. DE BASES DE DATOS,6,EJ2019,90
16161260,SISTEMAS PROGRAMABLES,6,EJ2019,88
16161260,INGENIERIA DE SOFTWARE,6,EJ2019,0
16161260,LENGUAJES Y AUTOMATAS I,6,EJ2019,93
16161260,SIMULACION,6,EJ2019,88
16161260,INGENIERIA DE SOFTWARE,7,V2019,95
16161286,TALLER DE ETICA,1,AD2016,90
16161286,FUNDAMENTOS DE INVESTIGACION,1,AD2016,95
16161286,CALCULO DIFERENCIAL,1,AD2016,74
16161286,FUNDAMENTOS DE PROGRAMACION,1,AD2016,84
16161286,MATEMATICAS DISCRETAS,1,AD2016,0
16161286,TALLER DE ADMINISTRACION,1,AD2016,93
16161286,CALCULO INTEGRAL,2,EJ2017,78
16161286,ALGEBRA LINEAL,2,EJ2017,70
16161286,QUIMICA,2,EJ2017,95
16161286,CONTABILIDAD FINANCIERA,2,EJ2017,95
16161286,PROG. ORIENTADA A OBJETOS,2,EJ2017,70
16161286,MATEMATICAS DISCRETAS,2,EJ2017,73
16161286,CALCULO VECTORIAL,3,AD2017,90
16161286,SISTEMAS OPERATIVOS,3,AD2017,71
16161286,CULTURA EMPRESARIAL,3,AD2017,97
16161286,ESTRUCTURA DE DATOS,3,AD2017,71
16161286,FISICA GENERAL,3,AD2017,81
16161286,PROBABILIDAD Y ESTADISTICA,3,AD2017,70
16161286,ECUACIONES DIFERENCIALES,4,EJ2018,80
16161286,FUNDAM. DE BASES DE DATOS,4,EJ2018,70
16161286,TALLER DE SISTEMAS OPERATIVOS,4,EJ2018,77
16161286,INVESTIGACION DE OPERACIONES,4,EJ2018,90
16161286,METODOS NUMERICOS,4,EJ2018,80
16161286,PRINC. ELECT. Y APLIC. DIGIT.,4,EJ2018,88
16161286,TOPICOS AVANZ. DE PROG.,4,EJ2018,0
16161286,DESARROLLO SUSTENTABLE,5,AD2018,88
16161286,FUNDAM. DE TELECOMUNICACIONES,5,AD2018,75
16161286,TALLER DE BASES DE DATOS,5,AD2018,87
16161286,ARQUITECTURA DE COMPUTADORAS,5,AD2018,70
16161286,TOPICOS AVANZ. DE PROG.,5,AD2018,87
16161286,TALLER DE INVESTIGACION I,6,EJ2019,91
16161286,GEST. EMP. BAS. EN TIC,6,EJ2019,98
16161286,ADMON. DE BASES DE DATOS,6,EJ2019,90
16161286,LENGUAJE DE INTERFAZ,6,EJ2019,0
16161286,LENGUAJES Y AUTOMATAS I,6,EJ2019,98
16161286,REDES DE COMPUTADORA,6,EJ2019,83
16161286,SIMULACION,6,EJ2019,88
16161286,LENGUAJE DE INTERFAZ,6,V2019,92
16161423,TALLER DE ETICA,1,AD2016,95
16161423,FUNDAMENTOS DE INVESTIGACION,1,AD2016,100
16161423,CALCULO DIFERENCIAL,1,AD2016,100
16161423,FUNDAMENTOS DE PROGRAMACION,1,AD2016,70
16161423,MATEMATICAS DISCRETAS,1,AD2016,100
16161423,TALLER DE ADMINISTRACION,1,AD2016,90
16161423,CALCULO INTEGRAL,2,EJ2017,100
16161423,ALGEBRA LINEAL,2,EJ2017,79
16161423,QUIMICA,2,EJ2017,90
16161423,CONTABILIDAD FINANCIERA,2,EJ2017,80
16161423,PROG. ORIENTADA A OBJETOS,2,EJ2017,100
16161423,PROBABILIDAD Y ESTADISTICA,2,EJ2017,100
16161423,CALCULO VECTORIAL,2,AD2017,100
16161423,SISTEMAS OPERATIVOS,3,AD2017,85
16161423,CULTURA EMPRESARIAL,3,AD2017,91
16161423,INVESTIGACION DE OPERACIONES,3,AD2017,85
16161423,ESTRUCTURA DE DATOS,3,AD2017,85
16161423,FISICA GENERAL,3,AD2017,96
16161423,ECUACIONES DIFERENCIALES,3,EJ2018,100
16161423,FUNDAM. DE BASES DE DATOS,4,EJ2018,82
16161423,TALLER DE SISTEMAS OPERATIVOS,4,EJ2018,85
16161423,METODOS NUMERICOS,4,EJ2018,90
16161423,PRINC. ELECT. Y APLIC. DIGIT.,4,EJ2018,93
16161423,TOPICOS AVANZ. DE PROG.,4,EJ2018,94
16161423,DESARROLLO SUSTENTABLE,4,AD2018,100
16161423,FUNDAM. DE TELECOMUNICACIONES,4,AD2018,81
16161423,TALLER DE BASES DE DATOS,5,AD2018,92
16161423,FUND. DE ING. DE SOFTWARE,5,AD2018,88
16161423,ARQUITECTURA DE COMPUTADORAS,5,AD2018,80
16161423,GEST. EMP. BAS. EN TIC,5,EJ2019,95
16161423,ADMON. DE BASES DE DATOS,5,EJ2019,90
16161423,LENGUAJE DE INTERFAZ,6,EJ2019,0
16161423,INGENIERIA DE SOFTWARE,6,EJ2019,79
16161423,LENGUAJES Y AUTOMATAS I,6,EJ2019,100
16161423,REDES DE COMPUTADORA,6,EJ2019,87
16161423,SIMULACION,6,EJ2019,88
16161423,LENGUAJE DE INTERFAZ,6,V2019,96
16161263,CALCULO DIFERENCIAL,1,AD2016,0
16161263,MATEMATICAS DISCRETAS,1,AD2016,0
16161263,TALLER DE ETICA,1,AD2016,75
16161263,FUNDAMENTOS DE PROGRAMACION,1,AD2016,100
16161263,FUNDAMENTOS DE INVESTIGACION,1,AD2016,99
16161263,TALLER DE ADMINISTRACION,1,AD2016,80
16161263,CALCULO DIFERENCIAL,2,EJ2017,83
16161263,ALGEBRA LINEAL,2,EJ2017,70
16161263,QUIMICA,2,EJ2017,9
16161263,PROG. ORIENTADA A OBJETOS,2,EJ2017,0
16161263,MATEMATICAS DISCRETAS,2,EJ2017,72
16161263,DESARROLLO SUSTENTABLE,3,AD2017,84
16161263,CALCULO INTEGRAL,3,AD2017,80
16161263,SISTEMAS OPERATIVOS,3,AD2017,70
16161263,PROG. ORIENTADA A OBJETOS,3,AD2017,71
16161263,FISICA GENERAL,3,AD2017,78
16161263,PROBABILIDAD Y ESTADISTICA,3,AD2017,70
16161263,CALCULO VECTORIAL,4,EJ2018,74
16161263,FUNDAM. DE BASES DE DATOS,4,EJ2018,70
16161263,TALLER DE SISTEMAS OPERATIVOS,4,EJ2018,0
16161263,CONTABILIDAD FINANCIERA,4,EJ2018,80
16161263,INVESTIGACION DE OPERACIONES,4,EJ2018,85
16161263,ESTRUCTURA DE DATOS,4,EJ2018,77
16161263,TALLER DE SISTEMAS OPERATIVOS,4,V2018,83
16161263,ECUACIONES DIFERENCIALES,5,AD2018,0
16161263,TALLER DE BASES DE DATOS,5,AD2018,80
16161263,CULTURA EMPRESARIAL,5,AD2018,84
16161263,METODOS NUMERICOS,5,AD2018,91
16161263,PRINC. ELECT. Y APLIC. DIGIT.,5,AD2018,95
16161263,TOPICOS AVANZ. DE PROG.,5,AD2018,87
16161263,TALLER DE INVESTIGACION I,6,EJ2019,0
16161263,ECUACIONES DIFERENCIALES,6,EJ2019,70
16161263,FUNDAM. DE TELECOMUNICACIONES,6,EJ2019,0
16161263,GEST. EMP. BAS. EN TIC,6,EJ2019,80
16161263,ADMON. DE BASES DE DATOS,6,EJ2019,90
16161263,LENGUAJES Y AUTOMATAS I,6,EJ2019,92
16161263,FUND. DE ING. DE SOFTWARE,6,V2019,77
15161385,TALLER DE ETICA,1,AD2015,82
15161385,FUNDAMENTOS DE INVESTIGACION,1,AD2015,84
15161385,CALCULO DIFERENCIAL,1,AD2015,85
15161385,FUNDAMENTOS DE PROGRAMACION,1,AD2015,76
15161385,MATEMATICAS DISCRETAS,1,AD2015,78
15161385,TALLER DE ADMINISTRACION,1,AD2015,90
15161385,CALCULO INTEGRAL,2,EJ2016,76
15161385,QUIMICA,2,EJ2016,90
15161385,CONTABILIDAD FINANCIERA,2,EJ2016,80
15161385,PROG. ORIENTADA A OBJETOS,2,EJ2016,0
15161385,PROBABILIDAD Y ESTADISTICA,2,EJ2016,85
15161385,ALGEBRA LINEAL,2,V2016,91
15161385,CALCULO VECTORIAL,3,AD2016,70
15161385,SISTEMAS OPERATIVOS,3,AD2016,0
15161385,CULTURA EMPRESARIAL,3,AD2016,89
15161385,INVESTIGACION DE OPERACIONES,3,AD2016,72
15161385,PROG. ORIENTADA A OBJETOS,3,AD2016,90
15161385,FISICA GENERAL,3,AD2016,85
15161385,SISTEMAS OPERATIVOS,4,EJ2017,100
15161385,FUNDAM. DE BASES DE DATOS,4,EJ2017,97
15161385,METODOS NUMERICOS,4,EJ2017,89
15161385,ESTRUCTURA DE DATOS,4,EJ2017,94
15161385,PRINC. ELECT. Y APLIC. DIGIT.,4,EJ2017,94
15161385,FUND. DE ING. DE SOFTWARE,4,V2017,92
15161385,DESARROLLO SUSTENTABLE,5,AD2017,92
15161385,FUNDAM. DE TELECOMUNICACIONES,5,AD2017,84
15161385,TALLER DE BASES DE DATOS,5,AD2017,86
15161385,TALLER DE SISTEMAS OPERATIVOS,5,AD2017,84
15161385,ARQUITECTURA DE COMPUTADORAS,5,AD2017,92
15161385,SIMULACION,5,AD2017,75
15161385,TOPICOS AVANZ. DE PROG.,5,AD2017,93
15161385,GEST. EMP. BAS. EN TIC,6,EJ2018,86
15161385,ADMON. DE BASES DE DATOS,6,EJ2018,83
15161385,GRAFICACION,6,EJ2018,100
15161385,LENGUAJE DE INTERFAZ,6,EJ2018,84
15161385,INGENIERIA DE SOFTWARE,6,EJ2018,86
15161385,LENGUAJES Y AUTOMATAS I,6,EJ2018,96
15161385,REDES DE COMPUTADORA,6,EJ2018,85
15161385,TALLER DE INVESTIGACION I,7,AD2018,88
15161385,PROGRAMACION WEB,7,AD2018,95
15161385,PROGR. LOGICA Y FUNCIONAL,7,AD2018,70
15161385,CONMUT. Y ENRUT. DE REDES D,7,AD2018,0
15161385,LENGUAJES Y AUTOMATAS II,7,AD2018,91
15161385,GESTION DE PROY. DE SOFTWARE,7,AD2018,84
15161385,TALLER DE INVESTIGACION II,8,EJ2019,98
15161385,ECUACIONES DIFERENCIALES ,8,EJ2019,72
15161385,DES. DE SOFTW. ORIENT. A SERV.,8,EJ2019,91
15161385,DIS. E IMP. DE SOFT. ORI. A LA,8,EJ2019,85
15161385,CONMUT. Y ENRUT. DE REDES D,8,EJ2019,80
15161385,SERVICIO SOCIAL,8,EJ2019,90
15161385,ADMINISTRACION DE REDES,8,V2019,75
16161298,TALLER DE ETICA,1,AD2016,91
16161298,FUNDAMENTOS DE INVESTIGACION,1,AD2016,100
16161298,CALCULO DIFERENCIAL,1,AD2016,84
16161298,FUNDAMENTOS DE PROGRAMACION,1,AD2016,100
16161298,MATEMATICAS DISCRETAS,1,AD2016,100
16161298,TALLER DE ADMINISTRACION,1,AD2016,80
16161298,CALCULO INTEGRAL,2,EJ2017,85
16161298,ALGEBRA LINEAL,2,EJ2017,80
16161298,QUIMICA,2,EJ2017,90
16161298,CONTABILIDAD FINANCIERA,2,EJ2017,80
16161298,FUNDAMENTOS DE PROGRAMACION,2,EJ2017,94
16161298,PROBABILIDAD Y ESTADISTICA,2,EJ2017,82
16161298,FISICA GENERAL,2,V2017,91
16161298,DESARROLLO SUSTENTABLE,3,AD2017,92
16161298,CALCULO VECTORIAL,3,AD2017,96
16161298,SISTEMAS OPERATIVOS,3,AD2017,87
16161298,CULTURA EMPRESARIAL,3,AD2017,72
16161298,INVESTIGACION DE OPERACIONES ,3,AD2017,96
16161298,ESTRUCTURA DE DATOS ,3,AD2017,87
16161298,ECUACIONES DIFERENCIALES ,4,EJ2018,100
16161298,FUNDAM. DE BASES DE DATOS,4,EJ2018,81
16161298,TALLER DE SISTEMAS OPERATIVOS ,4,EJ2018,80
16161298,METODOS NUMERICOS ,4,EJ2018,84
16161298,PRINC. ELECT. Y APLIC. DIGIT.,4,EJ2018,80
16161298,TOPICOS AVANZ. DE PROG. ,4,EJ2018,90
16161298,TALLER DE INVESTIGACION I ,5,AD2018,80
16161298,FUNDAM. DE TELECOMUNICACIONES ,5,AD2018,73
16161298,TALLER DE BASES DE DATOS ,5,AD2018,95
16161298,FUND. DE ING. DE SOFTWARE ,5,AD2018,87
16161298,ARQUITECTURA DE COMPUTADORAS ,5,AD2018,80
16161298,GEST. EMP. BAS. EN TIC ,6,EJ2019,80
16161298,ADMON. DE BASES DE DATOS,6,EJ2019,95
16161298,LENGUAJE DE INTERFAZ ,6,EJ2019,0
16161298,INGENIERIA DE SOFTWARE ,6,EJ2019,82
16161298,LENGUAJES Y AUTOMATAS I,6,EJ2019,100
16161298,REDES DE COMPUTADORA ,6,EJ2019,75
16161298,SIMULACION ,6,EJ2019,88
16161298,LENGUAJE DE INTERFAZ ,6,v2019,83
16161298,PROGR. LOGICA Y FUNCIONAL ,6,V2019,98
15161256,TALLER DE ETICA,1,AD2015,79
15161256,FUNDAMENTOS DE INVESTIGACION,1,AD2015,75
15161256,CALCULO DIFERENCIAL,1,AD2015,76
15161256,FUNDAMENTOS DE PROGRAMACION,1,AD2015,0
15161256,MATEMATICAS DISCRETAS,1,AD2015,0
15161256,TALLER DE ADMINISTRACION,1,AD2015,89
15161256,ALGEBRA LINEAL,2,EJ2016,95
15161256,QUIMICA,2,EJ2016,74
15161256,CONTABILIDAD FINANCIERA,2,EJ2016,80
15161256,FUNDAMENTOS DE PROGRAMACION,2,EJ2016,93
15161256,MATEMATICAS DISCRETAS,2,EJ2016,80
15161256,PROG. ORIENTADA A OBJETOS,2,V2016,81
15161256,CALCULO INTEGRAL,3,AD2016,0
15161256,SISTEMAS OPERATIVOS ,3,AD2016,81
15161256,CULTURA EMPRESARIAL,3,AD2016,82
15161256,ESTRUCTURA DE DATOS,3,AD2016,0
15161256,FISICA GENERAL,3,AD2016,79
15161256,PROBABILIDAD Y ESTADISTICA,3,AD2016,90
15161256,DESARROLLO SUSTENTABLE,4,EJ2017,81
15161256,CALCULO INTEGRAL,4,EJ2017,70
15161256,TALLER DE SISTEMAS OPERATIVOS,4,EJ2017,80
15161256,ESTRUCTURA DE DATOS,4,EJ2017,79
15161256,PRINC. ELECT. Y APLIC. DIGIT.,4,EJ2017,73
15161256,CALCULO VECTORIAL,5,AD2017,70
15161256,FUNDAM. DE TELECOMUNICACIONES,5,AD2017,0
15161256,FUNDAM. DE BASES DE DATOS,5,AD2017,80
15161256,FUND. DE ING. DE SOFTWARE,5,AD2017,78
15161256,ARQUITECTURA DE COMPUTADORAS,5,AD2017,70
15161256,TOPICOS AVANZ. DE PROG.,5,AD2017,84
15161256,ECUACIONES DIFERENCIALES,6,EJ2018,0
15161256,FUNDAM. DE TELECOMUNICACIONES,6,EJ2018,78
15161256,GEST. EMP. BAS. EN TIC,6,EJ2018,0
15161256,LENGUAJE DE INTERFAZ,6,EJ2018,0
15161256,INGENIERIA DE SOFTWARE,6,EJ2018,84
15161256,LENGUAJES Y AUTOMATAS I,6,EJ2018,87
15161256,TALLER DE BASES DE DATOS,6,V2018,92
15161256,METODOS NUMERICOS,6,V2018,100
15161256,ECUACIONES DIFERENCIALES,7,AD2018,70
15161256,PROGRAMACION WEB,7,AD2018,80
15161256,GEST. EMP. BAS. EN TIC,7,AD2018,86
15161256,LENGUAJE DE INTERFAZ,7,AD2018,77
15161256,TALLER DE INVESTIGACION I,8,EJ2019,78
15161256,ADMON. DE BASES DE DATOS,8,EJ2019,90
15161256,PROGR. LOGICA Y FUNCIONAL,8,EJ2019,0
15161256,REDES DE COMPUTADORA,8,EJ2019,87
15161256,SIMULACION,8,EJ2019,100
15161256,GESTION DE PROY. DE SOFTWARE,8,EJ2019,90
15161256,DES. DE SOFTW. ORIENT. A SERV.,8,V2019,81
15161256,LENGUAJES Y AUTOMATAS II,8,V2019,86
16160010,CALCULO DIFERENCIAL,1,EJ2016,100
16160010,CONTABILIDAD FINANCIERA,1,EJ2016,100
16160010,FUNDAMENTOS DE PROGRAMACION,1,EJ2016,100
16160010,MATEMATICAS DISCRETAS,1,EJ2016,100
16160010,CALCULO INTEGRAL,1,EJ2016,70
16160010,ALGEBRA LINEAL,1,EJ2016,70
16160010,QUIMICA,1,EJ2016,90
16160010,PROG. ORIENTADA A OBJETOS,1,EJ2016,77
16160010,PROBABILIDAD Y ESTADISTICA,1,EJ2016,86
16160010,FISICA GENERAL,1,V2016,75
16160010,TALLER DE ETICA,2,AD2016,0
16160010,SISTEMAS OPERATIVOS,2,AD2016,0
16160010,INVESTIGACION DE OPERACIONES,2,AD2016,70
16160010,ESTRUCTURA DE DATOS,2,AD2016,83
16160010,TALLER DE ADMINISTRACION,2,AD2016,82
16160010,TALLER DE ETICA,3,EJ2017,73
16160010,CALCULO VECTORIAL,3,EJ2017,80
16160010,SISTEMAS OPERATIVOS,3,EJ2017,100
16160010,FUNDAM. DE BASES DE DATOS,3,EJ2017,70
16160010,PRINC. ELECT. Y APLIC. DIGIT.,3,EJ2017,85
16160010,DESARROLLO SUSTENTABLE,3,V2017,95
16160010,FUND. DE ING. DE SOFTWARE,3,V2017,84
16160010,ECUACIONES DIFERENCIALES,4,AD2017,0
16160010,TALLER DE SISTEMAS OPERATIVOS,4,AD2017,79
16160010,CULTURA EMPRESARIAL,4,AD2017,85
16160010,METODOS NUMERICOS,4,AD2017,82
16160010,ARQUITECTURA DE COMPUTADORAS,4,AD2017,83
16160010,TOPICOS AVANZ. DE PROG.,4,AD2017,76
16160010,FUNDAMENTOS DE INVESTIGACION,4,AD2017,84
16160010,ECUACIONES DIFERENCIALES,5,EJ2018,0
16160010,FUNDAM. DE TELECOMUNICACIONES,5,EJ2018,78
16160010,GEST. EMP. BAS. EN TIC,5,EJ2018,86
16160010,TALLER DE BASES DE DATOS,5,EJ2018,84
16160010,LENGUAJE DE INTERFAZ,5,EJ2018,100
16160010,SIMULACION,5,EJ2018,0
16160010,ECUACIONES DIFERENCIALES,5,V2018,92
16160010,TALLER DE INVESTIGACION I,6,AD2019,85
16160010,ADMON. DE BASES DE DATOS,6,AD2019,70
16160010,PROGR. LOGICA Y FUNCIONAL,6,AD2019,70
16160010,INGENIERIA DE SOFTWARE,6,AD2019,76
16160010,REDES DE COMPUTADORA,6,AD2019,84
16160010,TALLER DE INVESTIGACION II,7,EJ2019,90
16160010,PROGRAMACION WEB,7,EJ2019,78
16160010,CONMUT. Y ENRUT. DE REDES D,7,EJ2019,70
16160010,LENGUAJES Y AUTOMATAS I,7,EJ2019,100
16160010,SIMULACION,7,EJ2019,100
16160010,GESTION DE PROY. DE SOFTWARE,7,EJ2019,95
16160010,DES. DE SOFTW. ORIENT. A SERV.,7,V2019,86
16160010,LENGUAJES Y AUTOMATAS II,7,V2019,85
15161383,TALLER DE ETICA,1,AD2015,87
15161383,FUNDAMENTOS DE INVESTIGACION,1,AD2015,87
15161383,CALCULO DIFERENCIAL,1,AD2015,94
15161383,FUNDAMENTOS DE PROGRAMACION,1,AD2015,100
15161383,MATEMATICAS DISCRETAS,1,AD2015,70
15161383,TALLER DE ADMINISTRACION,1,AD2015,90
15161383,CALCULO INTEGRAL,2,EJ2016,82
15161383,ALGEBRA LINEAL,2,EJ2016,97
15161383,QUIMICA,2,EJ2016,88
15161383,CONTABILIDAD FINANCIERA,2,EJ2016,77
15161383,PROG. ORIENTADA A OBJETOS,2,EJ2016,90
15161383,PROBABILIDAD Y ESTADISTICA,2,EJ2016,82
15161383,CALCULO VECTORIAL,3,AD2016,90
15161383,SISTEMAS OPERATIVOS,3,AD2016,85
15161383,CULTURA EMPRESARIAL,3,AD2016,96
15161383,INVESTIGACION DE OPERACIONES,3,AD2016,96
15161383,ESTRUCTURA DE DATOS,3,AD2016,91
15161383,FISICA GENERAL,3,AD2016,88
15161383,ECUACIONES DIFERENCIALES,4,EJ2017,85
15161383,FUNDAM. DE BASES DE DATOS,4,EJ2017,86
15161383,TALLER DE SISTEMAS OPERATIVOS,4,EJ2017,90
15161383,METODOS NUMERICOS,4,EJ2017,99
15161383,PRINC. ELECT. Y APLIC. DIGIT.,4,EJ2017,86
15161383,TOPICOS AVANZ. DE PROG.,4,EJ2017,81
15161383,DESARROLLO SUSTENTABLE,5,AD2017,89
15161383,FUNDAM. DE TELECOMUNICACIONES,5,AD2017,92
15161383,TALLER DE BASES DE DATOS,5,AD2017,92
15161383,FUND. DE ING. DE SOFTWARE,5,AD2017,87
15161383,ARQUITECTURA DE COMPUTADORAS,5,AD2017,92
15161383,SIMULACION,5,AD2017,70
15161383,GEST. EMP. BAS. EN TIC,6,EJ2018,85
15161383,ADMON. DE BASES DE DATOS,6,EJ2018,85
15161383,GRAFICACION,6,EJ2018,82
15161383,LENGUAJE DE INTERFAZ,6,EJ2018,80
15161383,INGENIERIA DE SOFTWARE,6,EJ2018,90
15161383,LENGUAJES Y AUTOMATAS I,6,EJ2018,96
15161383,REDES DE COMPUTADORA,6,EJ2018,0
15161383,TALLER DE INVESTIGACION I,7,AD2018,91
15161383,PROGRAMACION WEB,7,AD2018,81
15161383,PROGR. LOGICA Y FUNCIONAL,7,AD2018,70
15161383,LENGUAJES Y AUTOMATAS II,7,AD2018,80
15161383,REDES DE COMPUTADORA,7,AD2018,89
15161383,GESTION DE PROY. DE SOFTWARE,7,AD2018,0
15161383,TALLER DE INVESTIGACION II,8,EJ2019,96
15161383,DES. DE SOFTW. ORIENT. A SERV.,8,EJ2019,82
15161383,DIS. E IMP. DE SOFT. ORI. A LA,8,EJ2019,80
15161383,SISTEMAS PROGRAMABLES,8,EJ2019,83
15161383,CONMUT. Y ENRUT. DE REDES D,8,EJ2019,70
15161383,GESTION DE PROY. DE SOFTWARE,8,EJ2019,91
15161383,ADMINISTRACION DE REDES,8,V2019,88
15161389,CALCULO DIFERENCIAL,1,AD2015,96
15161389,FUNDAMENTOS DE PROGRAMACION,1,AD2015,95
15161389,TALLER DE ETICA,1,AD2015,92
15161389,MATEMATICAS DISCRETAS,1,AD2015,100
15161389,TALLER DE ADMINISTRACION,1,AD2015,90
15161389,FUNDAMENTOS DE INVESTIGACION,1,AD2015,89
15161389,CALCULO INTEGRAL,2,EJ2016,80
15161389,PROG. ORIENTADA A OBJETOS,2,EJ2016,90
15161389,CONTABILIDAD FINANCIERA,2,EJ2016,88
15161389,QUIMICA,2,EJ2016,93
15161389,ALGEBRA LINEAL,2,EJ2016,95
15161389,PROBABILIDAD Y ESTADISTICA,2,EJ2016,82
15161389,CALCULO VECTORIAL,3,AD2016,87
15161389,ESTRUCTURA DE DATOS,3,AD2016,91
15161389,CULTURA EMPRESARIAL,3,AD2016,96
15161389,INVESTIGACION DE OPERACIONES,3,AD2016,94
15161389,SISTEMAS OPERATIVOS,3,AD2016,80
15161389,FISICA GENERAL,3,AD2016,98
15161389,ECUACIONES DIFERENCIALES,4,EJ2017,95
15161389,METODOS NUMERICOS,4,EJ2017,98
15161389,TOPICOS AVANZ. DE PROG.,4,EJ2017,80
15161389,FUNDAM. DE BASES DE DATOS,4,EJ2017,86
15161389,TALLER DE SISTEMAS OPERATIVOS,4,EJ2017,87
15161389,PRINC. ELECT. Y APLIC. DIGIT.,4,EJ2017,90
15161389,DESARROLLO SUSTENTABLE,5,AD2017,93
15161389,FUNDAM. DE TELECOMUNICACIONES,5,AD2017,92
15161389,TALLER DE BASES DE DATOS,5,AD2017,92
15161389,SIMULACION,5,AD2017,72
15161389,FUND. DE ING. DE SOFTWARE,5,AD2017,91
15161389,ARQUITECTURA DE COMPUTADORAS,5,AD2017,100
15161389,LENGUAJES Y AUTOMATAS I,6,EJ2018,100
15161389,REDES DE COMPUTADORA,6,EJ2018,84
15161389,ADMON. DE BASES DE DATOS,6,EJ2018,84
15161389,ADMON. DE BASES DE DATOS,6,EJ2018,100
15161389,INGENIERIA DE SOFTWARE,6,EJ2018,91
15161389,LENGUAJE DE INTERFAZ,6,EJ2018,100
15161389,GEST. EMP. BAS. EN TIC,7,AD2018,96
15161389,LENGUAJES Y AUTOMATAS II,7,AD2018,85
15161389,TALLER DE INVESTIGACION I,7,AD2018,89
15161389,PROGRAMACION WEB,7,AD2018,95
15161389,GESTION DE PROY. DE SOFTWARE,7,AD2018,0
15161389,CONMUT. Y ENRUT. DE REDES D,7,AD2018,76
15161389,PROGR. LOGICA Y FUNCIONAL,7,AD2018,70
15161389,TALLER DE INVESTIGACION II,8,EJ2019,90
15161389,DES. DE SOFTW. ORIENT. A SERV.,8,EJ2019,87
15161389,DIS. E IMP. DE SOFT. ORI. A LA,8,EJ2019,84
15161389,SISTEMAS PROGRAMABLES,8,EJ2019,81
15161389,GESTION DE PROY. DE SOFTWARE,8,EJ2019,91
15161389,ADMINISTRACION DE REDES,8,EJ2019,75
16161259,TALLER DE ETICA,1,AD2016,96
16161259,FUNDAMENTOS DE INVESTIGACION,1,AD2016,90
16161259,CALCULO DIFERENCIAL,1,AD2016,83
16161259,FUNDAMENTOS DE PROGRAMACION,1,AD2016,0
16161259,MATEMATICAS DISCRETAS,1,AD2016,80
16161259,TALLER DE ADMINISTRACION,1,AD2016,98
16161259,CALCULO INTEGRAL,2,EJ2017,75
16161259,ALGEBRA LINEAL,2,EJ2017,77
16161259,QUIMICA,2,EJ2017,98
16161259,CONTABILIDAD FINANCIERA,2,EJ2017,90
16161259,FUNDAMENTOS DE PROGRAMACION,2,EJ2017,78
16161259,PROBABILIDAD Y ESTADISTICA,2,EJ2017,76
16161259,CALCULO VECTORIAL,2,V2017,73
16161259,DESARROLLO SUSTENTABLE,3,AD2017,91
16161259,ECUACIONES DIFERENCIALES,3,AD2017,70
16161259,SISTEMAS OPERATIVOS,3,AD2017,80
16161259,CULTURA EMPRESARIAL,3,AD2017,89
16161259,PROG. ORIENTADA A OBJETOS,3,AD2017,77
16161259,FISICA GENERAL,3,AD2017,82
16161259,FUNDAM. DE BASES DE DATOS,4,EJ2018,74
16161259,TALLER DE SISTEMAS OPERATIVOS,4,EJ2018,0
16161259,INVESTIGACION DE OPERACIONES,4,EJ2018,87
16161259,METODOS NUMERICOS,4,EJ2018,75
16161259,ESTRUCTURA DE DATOS,4,EJ2018,93
16161259,PRINC. ELECT. Y APLIC. DIGIT.,4,EJ2018,77
16161259,TALLER DE SISTEMAS OPERATIVOS,4,V2018,100
16161259,FUNDAM. DE TELECOMUNICACIONES,5,AD2018,71
16161259,TALLER DE BASES DE DATOS,5,AD2018,86
16161259,FUND. DE ING. DE SOFTWARE,5,AD2018,88
16161259,ARQUITECTURA DE COMPUTADORAS,5,AD2018,98
16161259,TOPICOS AVANZ. DE PROG.,5,AD2018,95
16161259,GEST. EMP. BAS. EN TIC,6,EJ2019,98
16161259,ADMON. DE BASES DE DATOS,6,EJ2019,90
16161259,LENGUAJE DE INTERFAZ,6,EJ2019,0
16161259,INGENIERIA DE SOFTWARE,6,EJ2019,80
16161259,LENGUAJES Y AUTOMATAS I,6,EJ2019,100
16161259,REDES DE COMPUTADORA,6,EJ2019,79
16161259,SIMULACION,6,EJ2019,86
16161259,LENGUAJE DE INTERFAZ,6,V2019,84
16161374,FUNDAMENTOS DE INVESTIGACION,1,AD2016,77
16161374,CALCULO DIFERENCIAL,1,AD2016,70
16161374,FUNDAMENTOS DE PROGRAMACION,1,AD2016,73
16161374,MATEMATICAS DISCRETAS,1,AD2016,0
16161374,TALLER DE ADMINISTRACION,1,AD2016,96
16161374,TALLER DE ETICA,1,AD2016,95
16161374,CALCULO INTEGRAL,2,EJ2017,80
16161374,ALGEBRA LINEAL,2,EJ2017,75
16161374,QUIMICA,2,EJ2017,90
16161374,CONTABILIDAD FINANCIERA,2,EJ2017,90
16161374,PROG. ORIENTADA A OBJETOS,2,EJ2017,78
16161374,MATEMATICAS DISCRETAS,2,EJ2017,70
16161374,CALCULO VECTORIAL,3,AD2017,90
16161374,SISTEMAS OPERATIVOS,3,AD2017,70
16161374,CULTURA EMPRESARIAL,3,AD2017,95
16161374,ESTRUCTURA DE DATOS,3,AD2017,81
16161374,FISICA GENERAL,3,AD2017,85
16161374,PROBABILIDAD Y ESTADISTICA,3,AD2017,80
16161374,ECUACIONES DIFERENCIALES,4,EJ2018,83
16161374,FUNDAM. DE BASES DE DATOS,4,EJ2018,72
16161374,TALLER DE SISTEMAS OPERATIVOS,4,EJ2018,75
16161374,INVESTIGACION DE OPERACIONES,4,EJ2018,100
16161374,METODOS NUMERICOS,4,EJ2018,85
16161374,PRINC. ELECT. Y APLIC. DIGIT.,4,EJ2018,91
16161374,TOPICOS AVANZ. DE PROG.,4,EJ2018,74
16161374,DESARROLLO SUSTENTABLE,5,AD2018,100
16161374,FUNDAM. DE TELECOMUNICACIONES,5,AD2018,75
16161374,TALLER DE BASES DE DATOS,5,AD2018,91
16161374,FUND. DE ING. DE SOFTWARE,5,AD2018,91
16161374,ARQUITECTURA DE COMPUTADORAS,5,AD2018,84
16161374,GEST. EMP. BAS. EN TIC,6,EJ2019,96
16161374,ADMON. DE BASES DE DATOS,6,EJ2019,90
16161374,LENGUAJE DE INTERFAZ,6,EJ2019,0
16161374,INGENIERIA DE SOFTWARE,6,EJ2019,78
16161374,LENGUAJES Y AUTOMATAS I,6,EJ2019,98
16161374,REDES DE COMPUTADORA,6,EJ2019,85
16161374,SIMULACION,6,EJ2019,88
16161374,LENGUAJE DE INTERFAZ,7,V2019,93
15161431,TALLER DE ETICA,1,AD2015,83
15161431,FUNDAMENTOS DE INVESTIGACION,1,AD2015,80
15161431,CALCULO DIFERENCIAL,1,AD2015,78
15161431,FUNDAMENTOS DE PROGRAMACION,1,AD2015,76
15161431,MATEMATICAS DISCRETAS,1,AD2015,74
15161431,TALLER DE ADMINISTRACION,1,AD2015,96
15161431,CALCULO INTEGRAL ,2,EJ2016,80
15161431,ALGEBRA LINEAL,2,EJ2016,92
15161431,QUIMICA,2,EJ2016,80
15161431,CONTABILIDAD FINANCIERA,2,EJ2016,80
15161431,PROG. ORIENTADA A OBJETOS,2,EJ2016,0
15161431,PROBABILIDAD Y ESTADISTICA,2,EJ2016,75
15161431,CALCULO VECTORIAL ,3,AD2016,75
15161431,SISTEMAS OPERATIVOS,3,AD2016,78
15161431,CULTURA EMPRESARIAL,3,AD2016,96
15161431,INVESTIGACION DE OPERACIONES,3,AD2016,0
15161431,PROG. ORIENTADA A OBJETOS,3,AD2016,0
15161431,FISICA GENERAL ,3,AD2016,81
15161431,TALLER DE SISTEMAS OPERATIVOS,4,EJ2017,82
15161431,INVESTIGACION DE OPERACIONES,4,EJ2017,76
15161431,PRINC. ELECT. Y APLIC. DIGIT.,4,EJ2017,70
15161431,PROG. ORIENTADA A OBJETOS,4,EJ2017,82
15161431,DESARROLLO SUSTENTABLE,5,AD2017,92
15161431,ECUACIONES DIFERENCIALES,5,AD2017,80
15161431,FUNDAM. DE BASES DE DATOS,5,AD2017,76
15161431,METODOS NUMERICOS ,5,AD2017,0
15161431,ARQUITECTURA DE COMPUTADORAS,5,AD2017,95
15161431,ESTRUCTURA DE DATOS,5,AD2017,75
15161431,FUNDAM. DE TELECOMUNICACIONES,6,EJ2018,85
15161431,GEST. EMP. BAS. EN TIC,6,EJ2018,0
15161431,TALLER DE BASES DE DATOS,6,EJ2018,85
15161431,METODOS NUMERICOS ,6,EJ2018,81
15161431,LENGUAJES Y AUTOMATAS I,6,EJ2018,75
15161431,TOPICOS AVANZ. DE PROG.,6,EJ2018,0
15161431,SIMULACION ,6,V2018,70
15161431,GEST. EMP. BAS. EN TIC,7,AD2018,80
15161431,FUND. DE ING. DE SOFTWARE,7,AD2018,87
15161431,LENGUAJE DE INTERFAZ,7,AD2018,0
15161431,REDES DE COMPUTADORA,7,AD2018,85
15161431,TOPICOS AVANZ. DE PROG.,7,AD2018,84
15161431,TALLER DE INVESTIGACION I,8,EJ2019,75
15161431,ADMON. DE BASES DE DATOS,8,EJ2019,90
15161431,LENGUAJE DE INTERFAZ,8,EJ2019,0
15161431,CONMUT. Y ENRUT. DE REDES D,8,EJ2019,80
15161431,INGENIERIA DE SOFTWARE,8,EJ2019,80
14161263,TALLER DE ETICA,1,AD2014,88
14161263,FUNDAMENTOS DE INVESTIGACION,1,AD2014,78
14161263,CALCULO DIFERENCIAL,1,AD2014,82
14161263,FUNDAMENTOS DE PROGRAMACION,1,AD2014,0
14161263,MATEMATICAS DISCRETAS,1,AD2014,0
14161263,TALLER DE ADMINISTRACION,1,AD2014,94
14161263,CALCULO INTEGRAL,2,EJ2015,0
14161263,QUIMICA,2,EJ2015,85
14161263,CONTABILIDAD FINANCIERA,2,EJ2015,88
14161263,FUNDAMENTOS DE PROGRAMACION,2,EJ2015,76
14161263,MATEMATICAS DISCRETAS,2,EJ2015,0
14161263,CALCULO INTEGRAL,3,AD2015,0
14161263,ALGEBRA LINEAL,3,AD2015,81
14161263,PROG. ORIENTADA A OBJETOS,3,AD2015,0
14161263,MATEMATICAS DISCRETAS,3,AD2015,81
14161263,CALCULO INTEGRAL,4,EJ2016,75
14161263,CULTURA EMPRESARIAL,4,EJ2016,83
14161263,PROG. ORIENTADA A OBJETOS,4,EJ2016,82
14161263,PROBABILIDAD Y ESTADISTICA,4,EJ2016,82
14161263,CALCULO VECTORIAL,5,AD2016,87
14161263,SISTEMAS OPERATIVOS,5,AD2016,80
14161263,INVESTIGACION DE OPERACIONES,5,AD2016,76
14161263,ESTRUCTURA DE DATOS,5,AD2016,0
14161263,FISICA GENERAL,5,AD2016,80
14161263,ECUACIONES DIFERENCIALES,6,EJ2017,0
14161263,FUNDAM. DE BASES DE DATOS,6,EJ2017,0
14161263,TALLER DE SISTEMAS OPERATIVOS,6,EJ2017,87
14161263,METODOS NUMERICOS,6,EJ2017,81
14161263,ESTRUCTURA DE DATOS,6,EJ2017,78
14161263,PRINC. ELECT. Y APLIC. DIGIT.,6,EJ2017,85
14161263,ECUACIONES DIFERENCIALES,7,AD2017,75
14161263,FUNDAM. DE TELECOMUNICACIONES,7,AD2017,81
14161263,FUNDAM. DE BASES DE DATOS,7,AD2017,89
14161263,FUND. DE ING. DE SOFTWARE,7,AD2017,87
14161263,TOPICOS AVANZ. DE PROG.,7,AD2017,0
14161263,DESARROLLO SUSTENTABLE,8,EJ2018,86
14161263,TALLER DE BASES DE DATOS,8,EJ2018,80
14161263,ARQUITECTURA DE COMPUTADORAS,8,EJ2018,88
14161263,REDES DE COMPUTADORA,8,EJ2018,76
14161263,SIMULACION,8,EJ2018,74
14161263,TOPICOS AVANZ. DE PROG.,8,EJ2018,94
14161263,TALLER DE INVESTIGACION I,9,AD2018,71
14161263,GEST. EMP. BAS. EN TIC,9,AD2018,87
14161263,GRAFICACION,9,AD2018,84
14161263,LENGUAJE DE INTERFAZ,9,AD2018,90
14161263,CONMUT. Y ENRUT. DE REDES D,9,AD2018,0
14161263,INGENIERIA DE SOFTWARE,9,AD2018,70
14161263,TALLER DE INVESTIGACION II,10,EJ2019,82
14161263,PROGRAMACION WEB,10,EJ2019,86
14161263,ADMON. DE BASES DE DATOS,10,EJ2019,90
14161263,CONMUT. Y ENRUT. DE REDES D,10,EJ2019,80
14161263,LENGUAJES Y AUTOMATAS I,10,EJ2019,100
14161263,GESTION DE PROY. DE SOFTWARE,10,EJ2019,96
14161263,DES. DE SOFTW. ORIENT. A SERV.,11,V2019,97
15920288,TALLER DE ETICA,1,AD2015,78
15920288,FUNDAMENTOS DE INVESTIGACION,1,AD2015,96
15920288,FUNDAMENTOS DE PROGRAMACION,1,AD2015,80
15920288,MATEMATICAS DISCRETAS,1,AD2015,86
15920288,CALCULO DIFERENCIAL,1,AD2015,93
15920288,CALCULO INTEGRAL,2,EJ2016,70
15920288,ALGEBRA LINEAL,2,EJ2016,72
15920288,PROG. ORIENTADA A OBJETOS,2,EJ2016,70
15920288,PROBABILIDAD Y ESTADISTICA,2,EJ2016,82
15920288,CALCULO VECTORIAL,3,AD2016,70
15920288,SISTEMAS OPERATIVOS,3,AD2016,80
15920288,INVESTIGACION DE OPERACIONES,3,AD2016,0
15920288,ESTRUCTURA DE DATOS,3,AD2016,88
15920288,FISICA GENERAL,3,AD2016,0
15920288,TALLER DE ADMINISTRACION,3,AD2016,79
15920288,ECUACIONES DIFERENCIALES,4,EJ2017,0
15920288,QUIMICA,4,EJ2017,83
15920288,TALLER DE SISTEMAS OPERATIVOS,4,EJ2017,90
15920288,CONTABILIDAD FINANCIERA,4,EJ2017,80
15920288,INVESTIGACION DE OPERACIONES,4,EJ2017,78
15920288,TOPICOS AVANZ. DE PROG.,4,EJ2017,76
15920288,FISICA GENERAL,4,V2017,86
15920288,ECUACIONES DIFERENCIALES,5,AD2017,87
15920288,FUNDAM. DE TELECOMUNICACIONES,5,AD2017,76
15920288,FUNDAM. DE BASES DE DATOS,5,AD2017,83
15920288,CULTURA EMPRESARIAL,5,AD2017,82
15920288,FUND. DE ING. DE SOFTWARE,5,AD2017,82
15920288,PRINC. ELECT. Y APLIC. DIGIT.,5,AD2017,93
15920288,DESARROLLO SUSTENTABLE,6,EJ2018,88
15920288,TALLER DE BASES DE DATOS,6,EJ2018,91
15920288,METODOS NUMERICOS,6,EJ2018,80
15920288,ARQUITECTURA DE COMPUTADORAS,6,EJ2018,73
15920288,INGENIERIA DE SOFTWARE,6,EJ2018,92
15920288,LENGUAJES Y AUTOMATAS I,6,EJ2018,92
15920288,REDES DE COMPUTADORA,6,EJ2018,78
15920288,SIMULACION,6,V2018,81
15920288,TALLER DE INVESTIGACION I,7,AD2018,78
15920288,PROGRAMACION WEB,7,AD2018,77
15920288,GEST. EMP. BAS. EN TIC,7,AD2018,91
15920288,GRAFICACION,7,AD2018,96
15920288,LENGUAJE DE INTERFAZ,7,AD2018,88
15920288,CONMUT. Y ENRUT. DE REDES D,7,AD2018,0
15920288,TALLER DE INVESTIGACION II,8,EJ2019,92
15920288,DES. DE SOFTW. ORIENT. A SERV.,8,EJ2019,84
15920288,ADMON. DE BASES DE DATOS,8,EJ2019,90
15920288,PROGR. LOGICA Y FUNCIONAL,8,EJ2019,80
15920288,CONMUT. Y ENRUT. DE REDES D,8,EJ2019,80
15920288,GESTION DE PROY. DE SOFTWARE,8,EJ2019,80
15920288,ADMINISTRACION DE REDES,8,V2019,75
15920288,LENGUAJES Y AUTOMATAS II,8,V2019,79
15161340,TALLER DE ETICA,1,AD2015,77
15161340,FUNDAMENTOS DE INVESTIGACION,1,AD2015,80
15161340,CALCULO DIFERENCIAL,1,AD2015,74
15161340,FUNDAMENTOS DE PROGRAMACION,1,AD2015,76
15161340,MATEMATICAS DISCRETAS,1,AD2015,70
15161340,TALLER DE ADMINISTRACION,1,AD2015,91
15161340,CALCULO INTEGRAL,2,EJ2016,72
15161340,ALGEBRA LINEAL,2,EJ2016,70
15161340,QUIMICA,2,EJ2016,72
15161340,CONTABILIDAD FINANCIERA,2,EJ2016,80
15161340,PROG. ORIENTADA A OBJETOS,2,EJ2016,0
15161340,PROBABILIDAD Y ESTADISTICA,2,EJ2016,77
15161340,CALCULO VECTORIAL,3,AD2016,0
15161340,SISTEMAS OPERATIVOS,3,AD2016,70
15161340,CULTURA EMPRESARIAL,3,AD2016,75
15161340,INVESTIGACION DE OPERACIONES,3,AD2016,80
15161340,PROG. ORIENTADA A OBJETOS,3,AD2016,0
15161340,FISICA GENERAL,3,AD2016,0
15161340,CALCULO VECTORIAL,4,EJ2017,76
15161340,FUNDAM. DE BASES DE DATOS,4,EJ2017,0
15161340,TALLER DE SISTEMAS OPERATIVOS,4,EJ2017,91
15161340,PROG. ORIENTADA A OBJETOS,4,EJ2017,85
15161340,FISICA GENERAL,4,V2017,83
15161340,ECUACIONES DIFERENCIALES,5,AD2017,74
15161340,FUNDAM. DE TELECOMUNICACIONES,5,AD2017,75
15161340,FUNDAM. DE BASES DE DATOS,5,AD2017,76
15161340,FUND. DE ING. DE SOFTWARE,5,AD2017,74
15161340,PRINC. ELECT. Y APLIC. DIGIT.,5,AD2017,89
15161340,DESARROLLO SUSTENTABLE,6,EJ2018,86
15161340,METODOS NUMERICOS,6,EJ2018,85
15161340,ARQUITECTURA DE COMPUTADORAS,6,EJ2018,74
15161340,ESTRUCTURA DE DATOS,6,EJ2018,76
15161340,INGENIERIA DE SOFTWARE,6,EJ2018,92
15161340,REDES DE COMPUTADORA,6,EJ2018,0
15161340,SIMULACION,6,V2018,77
15161340,TOPICOS AVANZ. DE PROG.,6,V2018,83
15161340,PROGRAMACION WEB,7,AD2018,79
15161340,TALLER DE BASES DE DATOS,7,AD2018,84
15161340,GRAFICACION,7,AD2018,96
15161340,REDES DE COMPUTADORA,7,AD2018,91
15161340,GESTION DE PROY. DE SOFTWARE,7,AD2018,82
15161340,TALLER DE INVESTIGACION I,8,EJ2019,84
15161340,GEST. EMP. BAS. EN TIC,8,EJ2019,82
15161340,ADMON. DE BASES DE DATOS,8,EJ2019,90
15161340,LENGUAJE DE INTERFAZ,8,EJ2019,76
15161340,PROGR. LOGICA Y FUNCIONAL,8,EJ2019,83
15161340,CONMUT. Y ENRUT. DE REDES D,8,EJ2019,70
15161340,LENGUAJES Y AUTOMATAS I,8,EJ2019,100
15161340,DES. DE SOFTW. ORIENT. A SERV.,8,V2019,94
15161340,LENGUAJES Y AUTOMATAS II,8,V2019,76
15161353,TALLER DE ETICA,1,AD2015,87
15161353,FUNDAMENTOS DE INVESTIGACION,1,AD2015,97
15161353,CALCULO DIFERENCIAL,1,AD2015,74
15161353,FUNDAMENTOS DE PROGRAMACION,1,AD2015,88
15161353,MATEMATICAS DISCRETAS,1,AD2015,74
15161353,TALLER DE ADMINISTRACION,1,AD2015,90
15161353,CALCULO INTEGRAL,2,EJ2016,70
15161353,ALGEBRA LINEAL,2,EJ2016,0
15161353,QUIMICA,2,EJ2016,80
15161353,CONTABILIDAD FINANCIERA,2,EJ2016,80
15161353,PROG. ORIENTADA A OBJETOS,2,EJ2016,0
15161353,PROBABILIDAD Y ESTADISTICA,2,EJ2016,70
15161353,ALGEBRA LINEAL,3,AD2016,80
15161353,CALCULO VECTORIAL,3,AD2016,79
15161353,CULTURA EMPRESARIAL,3,AD2016,86
15161353,PROG. ORIENTADA A OBJETOS,3,AD2016,0
15161353,FISICA GENERAL,3,AD2016,82
15161353,DESARROLLO SUSTENTABLE ,4,EJ2017,86
15161353,ECUACIONES DIFERENCIALES,4,EJ2017,0
15161353,SISTEMAS OPERATIVOS,4,EJ2017,90
15161353,PROG. ORIENTADA A OBJETOS,4,EJ2017,100
15161353,FUND. DE ING. DE SOFTWARE,5,V2017,94
15161353,ECUACIONES DIFERENCIALES,5,AD2017,75
15161353,FUNDAM. DE BASES DE DATOS,5,AD2017,83
15161353,TALLER DE SISTEMAS OPERATIVOS,5,AD2017,81
15161353,METODOS NUMERICOS,5,AD2017,0
15161353,ESTRUCTURA DE DATOS,5,AD2017,85
15161353,PRINC. ELECT. Y APLIC. DIGIT.,5,AD2017,96
15161353,TALLER DE BASES DE DATOS,6,EJ2018,93
15161353,INVESTIGACION DE OPERACIONES,6,EJ2018,89
15161353,METODOS NUMERICOS,6,EJ2018,78
15161353,ARQUITECTURA DE COMPUTADORAS,6,EJ2018,73
15161353,INGENIERIA DE SOFTWARE,6,EJ2018,87
15161353,TOPICOS AVANZ. DE PROG.,6,EJ2018,0
15161353,SIMULACION,7,V2018,83
15161353,TOPICOS AVANZ. DE PROG.,7,V2018,86
15161353,TALLER DE INVESTIGACION I,7,AD2018,85
15161353,PROGRAMACION WEB,7,AD2018,83
15161353,FUNDAM. DE TELECOMUNICACIONES,7,AD2018,0
15161353,GEST. EMP. BAS. EN TIC,7,AD2018,88
15161353,ADMON. DE BASES DE DATOS,7,AD2018,80
15161353,GRAFICACION,7,AD2018,96
15161353,TALLER DE INVESTIGACION II,8,EJ2019,93
15161353,FUNDAM. DE TELECOMUNICACIONES,8,EJ2019,91
15161353,LENGUAJE DE INTERFAZ,8,EJ2019,76
15161353,PROGR. LOGICA Y FUNCIONAL,8,EJ2019,70
15161353,LENGUAJES Y AUTOMATAS I,8,EJ2019,100
15161353,GESTION DE PROY. DE SOFTWARE,8,EJ2019,91
15161353,DES. DE SOFTW. ORIENT. A SERV.,9,V2019,91
15161353,REDES DE COMPUTADORA,9,V2019,87
16161364,TALLER DE ETICA,1,AD2016,90
16161364,FUNDAMENTOS DE INVESTIGACION,1,AD2016,85
16161364,CALCULO DIFERENCIAL,1,AD2016,75
16161364,FUNDAMENTOS DE PROGRAMACION,1,AD2016,99
16161364,MATEMATICAS DISCRETAS,1,AD2016,85
16161364,TALLER DE ADMINISTRACION,1,AD2016,82
16161364,CALCULO INTEGRAL,2,EJ2017,95
16161364,ALGEBRA LINEAL,2,EJ2017,95
16161364,QUIMICA,2,EJ2017,100
16161364,CONTABILIDAD FINANCIERA,2,EJ2017,98
16161364,PROG. ORIENTADA A OBJETOS,2,EJ2017,89
16161364,PROBABILIDAD Y ESTADISTICA,2,EJ2017,90
16161364,DESARROLLO SUSTENTABLE,3,AD2017,85
16161364,CALCULO VECTORIAL,3,AD2017,85
16161364,SISTEMAS OPERATIVOS,3,AD2017,88
16161364,CULTURA EMPRESARIAL,3,AD2017,90
16161364,ESTRUCTURA DE DATOS,3,AD2017,82
16161364,FISICA GENERAL,3,AD2017,79
16161364,ECUACIONES DIFERENCIALES,4,EJ2018,93
16161364,FUNDAM. DE BASES DE DATOS,4,EJ2018,71
16161364,TALLER DE SISTEMAS OPERATIVOS,4,EJ2018,0
16161364,INVESTIGACION DE OPERACIONES,4,EJ2018,80
16161364,METODOS NUMERICOS,4,EJ2018,70
16161364,PRINC. ELECT. Y APLIC. DIGIT.,4,EJ2018,80
16161364,TALLER DE SISTEMAS OPERATIVOS,4,V2018,98
16161364,FUNDAM. DE TELECOMUNICACIONES,5,AD2018,71
16161364,GEST. EMP. BAS. EN TIC,5,AD2018,92
16161364,TALLER DE BASES DE DATOS,5,AD2018,84
16161364,ARQUITECTURA DE COMPUTADORAS,5,AD2018,93
16161364,TOPICOS AVANZ. DE PROG.,5,AD2018,79
16161364,TALLER DE INVESTIGACION I,6,EJ2019,95
16161364,ADMON. DE BASES DE DATOS,6,EJ2019,90
16161364,LENGUAJE DE INTERFAZ,6,EJ2019,0
16161364,LENGUAJES Y AUTOMATAS I,6,EJ2019,90
16161364,REDES DE COMPUTADORA,6,EJ2019,86
16161364,SIMULACION,6,EJ2019,100
15161265,TALLER DE ETICA,1,AD2015,76
15161265,FUNDAMENTOS DE INVESTIGACION,1,AD2015,75
15161265,CALCULO DIFERENCIAL,1,AD2015,0
15161265,FUNDAMENTOS DE PROGRAMACION,1,AD2015,74
15161265,MATEMATICAS DISCRETAS,1,AD2015,0
15161265,TALLER DE ADMINISTRACION,1,AD2015,81
15161265,CALCULO DIFERENCIAL,2,EJ2016,70
15161265,ALGEBRA LINEAL,2,EJ2016,80
15161265,QUIMICA,2,EJ2016,80
15161265,CONTABILIDAD FINANCIERA,2,EJ2016,70
15161265,MATEMATICAS DISCRETAS,2,EJ2016,70
15161265,CALCULO INTEGRAL,3,AD2016,0
15161265,SISTEMAS OPERATIVOS,3,AD2016,0
15161265,CULTURA EMPRESARIAL,3,AD2016,88
15161265,PROG. ORIENTADA A OBJETOS,3,AD2016,0
15161265,FISICA GENERAL,3,AD2016,76
15161265,PROBABILIDAD Y ESTADISTICA,3,AD2016,90
15161265,CALCULO INTEGRAL,4,EJ2017,0
15161265,SISTEMAS OPERATIVOS,4,EJ2017,90
15161265,FUNDAM. DE BASES DE DATOS,4,EJ2017,0
15161265,PROG. ORIENTADA A OBJETOS,4,EJ2017,74
15161265,DESARROLLO SUSTENTABLE,5,AD2017,86
15161265,CALCULO INTEGRAL,5,AD2017,85
15161265,FUNDAM. DE BASES DE DATOS,5,AD2017,84
15161265,INVESTIGACION DE OPERACIONES,5,AD2017,85
15161265,CALCULO VECTORIAL,6,EJ2018,74
15161265,FUNDAM. DE TELECOMUNICACIONES,6,EJ2018,80
15161265,TALLER DE BASES DE DATOS,6,EJ2018,89
15161265,TALLER DE SISTEMAS OPERATIVOS,6,EJ2018,0
15161265,ESTRUCTURA DE DATOS,6,EJ2018,93
15161265,LENGUAJES Y AUTOMATAS I,6,EJ2018,92
15161265,PRINC. ELECT. Y APLIC. DIGIT.,6,EJ2018,71
15161265,TALLER DE SISTEMAS OPERATIVOS,6,V2018,83
15161265,ECUACIONES DIFERENCIALES,7,AD2018,70
15161265,ADMON. DE BASES DE DATOS,7,AD2018,76
15161265,FUND. DE ING. DE SOFTWARE,7,AD2018,80
15161265,METODOS NUMERICOS,7,AD2018,0
15161265,ARQUITECTURA DE COMPUTADORAS,7,AD2018,0
15161265,REDES DE COMPUTADORA,7,AD2018,85
15161265,TOPICOS AVANZ. DE PROG.,7,AD2018,80
15161265,TALLER DE INVESTIGACION I,8,EJ2019,78
15161265,GEST. EMP. BAS. EN TIC,8,EJ2019,82
15161265,METODOS NUMERICOS,8,EJ2019,73
15161265,CONMUT. Y ENRUT. DE REDES D,8,EJ2019,70
15161265,INGENIERIA DE SOFTWARE,8,EJ2019,84
15161265,ADMINISTRACION DE REDES,8,V2019,75
15161401,TALLER DE ETICA,1,AD2015,81
15161401,FUNDAMENTOS DE INVESTIGACION,1,AD2015,83
15161401,CALCULO DIFERENCIAL,1,AD2015,77
15161401,FUNDAMENTOS DE PROGRAMACION,1,AD2015,75
15161401,MATEMATICAS DISCRETAS,1,AD2015,0
15161401,TALLER DE ADMINISTRACION,1,AD2015,86
15161401,CALCULO INTEGRAL,2,EN2016,0
15161401,ALGEBRA LINEAL,2,EN2016,0
15161401,QUIMICA,2,EN2016,85
15161401,CONTABILIDAD FINANCIERA,2,EN2016,80
15161401,PROG. ORIENTADA A OBJETOS,2,EN2016,0
15161401,MATEMATICAS DISCRETAS,2,EN2016,0
15161401,CALCULO INTEGRAL,3,AD2016,72
15161401,ALGEBRA LINEAL,3,AD2016,0
15161401,PROG. ORIENTADA A OBJETOS,3,AD2016,0
15161401,MATEMATICAS DISCRETAS,3,AD2016,73
15161401,PROG. ORIENTADA A OBJETOS,4,EN2017,70
15161401,ALGEBRA LINEAL,4,EN2017,70
15161401,FISICA GENERAL,4,V2017,76
15161401,DESARROLLO SUSTENTABLE,5,AD2017,88
15161401,CALCULO VECTORIAL,5,AD2017,70
15161401,SISTEMAS OPERATIVOS,5,AD2017,82
15161401,FUNDAM. DE BASES DE DATOS,5,AD2017,78
15161401,CULTURA EMPRESARIAL,5,AD2017,76
15161401,ESTRUCTURA DE DATOS,5,AD2017,82
15161401,PROBABILIDAD Y ESTADISTICA,5,AD2017,0
15161401,ECUACIONES DIFERENCIALES,6,EJ2018,0
15161401,FUNDAM. DE TELECOMUNICACIONES,6,EJ2018,80
15161401,METODOS NUMERICOS,6,EJ2018,0
15161401,LENGUAJES Y AUTOMATAS I,6,EJ2018,90
15161401,TOPICOS AVANZ. DE PROG.,6,EJ2018,82
15161401,PROBABILIDAD Y ESTADISTICA,6,EJ2018,79
15161401,TALLER DE SISTEMAS OPERATIVOS,6,V2018,90
15161401,METODOS NUMERICOS,6,V2018,90
15161401,ECUACIONES DIFERENCIALES,7,AD2018,0
15161401,TALLER DE BASES DE DATOS,7,AD2018,84
15161401,FUND. DE ING. DE SOFTWARE,7,AD2018,80
15161401,INVESTIGACION DE OPERACIONES,7,AD2018,80
15161401,PRINC. ELECT. Y APLIC. DIGIT.,7,AD2018,96
15161401,REDES DE COMPUTADORA,7,AD2018,88
15161401,ECUACIONES DIFERENCIALES,8,EJ2019,70
15161401,GEST. EMP. BAS. EN TIC,8,EJ2019,78
15161401,ADMON. DE BASES DE DATOS,8,EJ2019,90
15161401,SIMULACION,8,EJ2019,99
15161401,DIS. E IMP. DE SOFT. ORI. A LA,8,V2019,75
